case,option,rho,g,alpha,DeltaT_rh,delta_rh,d,kappa,theta,Ra_eff,arh,eta_bulk,eta_i,v_conv,tau_d_Pa,tau_d_MPa,tau_y_Pa,yields
Solid Earth Example,Current Code: eta_i * v_i / delta_rh,3300.0,9.81,3.00e-05,68.0,6800.0,2.89e+06,1.00e-06,18.32,3.05e+08,N/A,1.00e+20,1.00e+20,7.92e-11,1.1647e+06,1.1647,5.0e+07,NO
Solid Earth Example,(a) Consistent Viscosity: eta_bulk * v_i / delta_rh,3300.0,9.81,3.00e-05,68.0,6800.0,2.89e+06,1.00e-06,18.32,3.05e+08,N/A,1.00e+20,1.00e+20,7.92e-11,1.1647e+06,1.1647,5.0e+07,NO
Solid Earth Example,(b) Solid Velocity: eta_i * v_solid / delta_rh,3300.0,9.81,3.00e-05,68.0,6800.0,2.89e+06,1.00e-06,18.32,3.05e+08,N/A,1.00e+20,1.00e+20,7.92e-11,1.1647e+06,1.1647,5.0e+07,NO
Solid Earth Example,"(b') FB2014 (2/3, whole mantle): 2*eta_i*v_m/d",3300.0,9.81,3.00e-05,68.0,6800.0,2.89e+06,1.00e-06,18.32,3.05e+08,1.30,1.00e+20,1.00e+20,3.36e-09,2.3230e+05,0.2323,5.0e+07,NO
Solid Earth Example,"(b') FB2014 (2/3, sublayer dT=130K): 2*eta_i*v_m/d",3300.0,9.81,3.00e-05,68.0,6800.0,2.89e+06,1.00e-06,18.32,3.05e+07,1.30,1.00e+20,1.00e+20,7.23e-10,5.0048e+04,0.0500,5.0e+07,NO
Solid Earth Example,"(b') SM2000 (1/2, whole mantle): 2*eta_i*v_m/d",3300.0,9.81,3.00e-05,68.0,6800.0,2.89e+06,1.00e-06,18.32,3.05e+08,N/A,1.00e+20,1.00e+20,5.36e-10,3.7109e+04,0.0371,5.0e+07,NO
Solid Earth Example,"(b') SM2000 (1/2, sublayer dT=130K): 2*eta_i*v_m/d",3300.0,9.81,3.00e-05,68.0,6800.0,2.89e+06,1.00e-06,18.32,3.05e+07,N/A,1.00e+20,1.00e+20,1.70e-10,1.1735e+04,0.0117,5.0e+07,NO
Solid Earth Example,(c) Buoyancy Stress: rho * g * alpha * DeltaT_rh * delta_rh,3300.0,9.81,3.00e-05,68.0,6800.0,2.89e+06,1.00e-06,18.32,3.05e+08,N/A,1.00e+20,1.00e+20,N/A,4.4908e+05,0.4491,5.0e+07,NO
Cold Top Lid Fixture,Current Code: eta_i * v_i / delta_rh,3157.4,9.81,4.18e-05,102.3,9878.4,1.00e+06,1.00e-06,14.44,4.26e+07,N/A,3.11e+07,4.86e+19,5396.29,2.6546e+19,2.6546e+13,1.0e+05,YES (unphysical)
Cold Top Lid Fixture,(a) Consistent Viscosity: eta_bulk * v_i / delta_rh,3157.4,9.81,4.18e-05,102.3,9878.4,1.00e+06,1.00e-06,14.44,4.26e+07,N/A,3.11e+07,4.86e+19,5396.29,1.6978e+07,16.9781,1.0e+05,YES
Cold Top Lid Fixture,(b) Solid Velocity: eta_i * v_solid / delta_rh,3157.4,9.81,4.18e-05,102.3,9878.4,1.00e+06,1.00e-06,14.44,4.26e+07,N/A,3.11e+07,4.86e+19,3.45e-09,1.6977e+07,16.9766,1.0e+05,YES
Cold Top Lid Fixture,(b') FB2014 (solid mu_i=eta_i): 2*eta_i*v_m/d,3157.4,9.81,4.18e-05,102.3,9878.4,1.00e+06,1.00e-06,14.44,4.26e+07,1.30,3.11e+07,4.86e+19,3.06e-09,2.9752e+05,0.2975,1.0e+05,YES (at tau_y=0.1 MPa; NO at tau_y >= 0.5 MPa)
Cold Top Lid Fixture,(b') FB2014 (mushy mu_i=eta_bulk): 2*eta_bulk*v_m/d,3157.4,9.81,4.18e-05,102.3,9878.4,1.00e+06,1.00e-06,14.44,6.66e+19,1.30,3.11e+07,4.86e+19,4.12e-01,2.5634e+01,2.5634e-05,1.0e+05,NO (Ra=6.7e19 >> FB2014 range)
Cold Top Lid Fixture,"(b') SM2000 (solid mu_i=eta_i, 1/2): 2*eta_i*v_m/d",3157.4,9.81,4.18e-05,102.3,9878.4,1.00e+06,1.00e-06,14.44,4.26e+07,N/A,3.11e+07,4.86e+19,6.52e-10,6.3413e+04,0.0634,1.0e+05,NO
Cold Top Lid Fixture,(c) Buoyancy Stress: rho * g * alpha * DeltaT_rh * delta_rh,3157.4,9.81,4.18e-05,102.3,9878.4,1.00e+06,1.00e-06,14.44,4.26e+07,N/A,3.11e+07,4.86e+19,N/A,1.3088e+06,1.3088,1.0e+05,YES (at tau_y=0.1 MPa; NO at tau_y >= 1.5 MPa)
