eta_bulk_Pa_s,log10_eta_bulk,v_i_m_s,tau_current_Pa,tau_option_a_Pa,tau_option_b_Pa,tau_option_b_prime_fb_solid_Pa,tau_option_b_prime_fb_mush_Pa,tau_option_b_prime_sm_solid_Pa,tau_option_c_buoy_Pa
1.0000e+02,2.00,5.3963e+03,2.6546e+19,5.4627e+01,1.6978e+07,2.9752e+05,3.7843e-01,6.3413e+04,1.3088e+06
1.5557e+02,2.19,5.3963e+03,2.6546e+19,8.4982e+01,1.6978e+07,2.9752e+05,4.3849e-01,6.3413e+04,1.3088e+06
2.4201e+02,2.38,5.3962e+03,2.6546e+19,1.3220e+02,1.6978e+07,2.9752e+05,5.0808e-01,6.3413e+04,1.3088e+06
3.7649e+02,2.58,5.3962e+03,2.6546e+19,2.0567e+02,1.6978e+07,2.9752e+05,5.8872e-01,6.3413e+04,1.3088e+06
5.8570e+02,2.77,5.3962e+03,2.6546e+19,3.1995e+02,1.6978e+07,2.9752e+05,6.8215e-01,6.3413e+04,1.3088e+06
9.1116e+02,2.96,5.3961e+03,2.6545e+19,4.9773e+02,1.6978e+07,2.9752e+05,7.9042e-01,6.3413e+04,1.3088e+06
1.4175e+03,3.15,5.3960e+03,2.6545e+19,7.7429e+02,1.6978e+07,2.9752e+05,9.1586e-01,6.3413e+04,1.3088e+06
2.2051e+03,3.34,5.3959e+03,2.6544e+19,1.2045e+03,1.6978e+07,2.9752e+05,1.0612e+00,6.3413e+04,1.3088e+06
3.4305e+03,3.54,5.3957e+03,2.6543e+19,1.8738e+03,1.6978e+07,2.9752e+05,1.2296e+00,6.3413e+04,1.3088e+06
5.3367e+03,3.73,5.3954e+03,2.6542e+19,2.9148e+03,1.6978e+07,2.9752e+05,1.4248e+00,6.3413e+04,1.3088e+06
8.3022e+03,3.92,5.3948e+03,2.6539e+19,4.5340e+03,1.6978e+07,2.9752e+05,1.6509e+00,6.3413e+04,1.3088e+06
1.2915e+04,4.11,5.3940e+03,2.6535e+19,7.0524e+03,1.6978e+07,2.9752e+05,1.9129e+00,6.3413e+04,1.3088e+06
2.0092e+04,4.30,5.3928e+03,2.6529e+19,1.0969e+04,1.6978e+07,2.9752e+05,2.2165e+00,6.3413e+04,1.3088e+06
3.1257e+04,4.49,5.3909e+03,2.6519e+19,1.7058e+04,1.6978e+07,2.9752e+05,2.5683e+00,6.3413e+04,1.3088e+06
4.8626e+04,4.69,5.3879e+03,2.6505e+19,2.6522e+04,1.6978e+07,2.9752e+05,2.9759e+00,6.3413e+04,1.3088e+06
7.5646e+04,4.88,5.3832e+03,2.6482e+19,4.1223e+04,1.6978e+07,2.9752e+05,3.4481e+00,6.3413e+04,1.3088e+06
1.1768e+05,5.07,5.3759e+03,2.6446e+19,6.4043e+04,1.6978e+07,2.9752e+05,3.9954e+00,6.3413e+04,1.3088e+06
1.8307e+05,5.26,5.3647e+03,2.6391e+19,9.9422e+04,1.6978e+07,2.9752e+05,4.6295e+00,6.3413e+04,1.3088e+06
2.8480e+05,5.45,5.3473e+03,2.6305e+19,1.5417e+05,1.6978e+07,2.9752e+05,5.3642e+00,6.3413e+04,1.3088e+06
4.4306e+05,5.65,5.3204e+03,2.6173e+19,2.3863e+05,1.6978e+07,2.9752e+05,6.2155e+00,6.3413e+04,1.3088e+06
6.8926e+05,5.84,5.2792e+03,2.5970e+19,3.6835e+05,1.6978e+07,2.9752e+05,7.2020e+00,6.3413e+04,1.3088e+06
1.0723e+06,6.03,5.2163e+03,2.5661e+19,5.6621e+05,1.6978e+07,2.9752e+05,8.3450e+00,6.3413e+04,1.3088e+06
1.6681e+06,6.22,5.1214e+03,2.5194e+19,8.6482e+05,1.6978e+07,2.9752e+05,9.6694e+00,6.3413e+04,1.3088e+06
2.5950e+06,6.41,4.9804e+03,2.4500e+19,1.3083e+06,1.6978e+07,2.9752e+05,1.1204e+01,6.3413e+04,1.3088e+06
4.0370e+06,6.61,4.7759e+03,2.3494e+19,1.9518e+06,1.6978e+07,2.9752e+05,1.2982e+01,6.3413e+04,1.3088e+06
6.2803e+06,6.80,4.4892e+03,2.2084e+19,2.8540e+06,1.6978e+07,2.9752e+05,1.5042e+01,6.3413e+04,1.3088e+06
9.7701e+06,6.99,4.1057e+03,2.0197e+19,4.0606e+06,1.6978e+07,2.9752e+05,1.7430e+01,6.3413e+04,1.3088e+06
1.5199e+07,7.18,3.6240e+03,1.7828e+19,5.5760e+06,1.6978e+07,2.9752e+05,2.0196e+01,6.3413e+04,1.3088e+06
2.3645e+07,7.37,3.0647e+03,1.5076e+19,7.3357e+06,1.6978e+07,2.9752e+05,2.3401e+01,6.3413e+04,1.3088e+06
3.6784e+07,7.57,2.4714e+03,1.2157e+19,9.2025e+06,1.6978e+07,2.9752e+05,2.7115e+01,6.3413e+04,1.3088e+06
5.7224e+07,7.76,1.8993e+03,9.3433e+18,1.1002e+07,1.6978e+07,2.9752e+05,3.1418e+01,6.3413e+04,1.3088e+06
8.9022e+07,7.95,1.3965e+03,6.8696e+18,1.2584e+07,1.6978e+07,2.9752e+05,3.6404e+01,6.3413e+04,1.3088e+06
1.3849e+08,8.14,9.8908e+02,4.8656e+18,1.3866e+07,1.6978e+07,2.9752e+05,4.2182e+01,6.3413e+04,1.3088e+06
2.1544e+08,8.33,6.8033e+02,3.3467e+18,1.4838e+07,1.6978e+07,2.9752e+05,4.8877e+01,6.3413e+04,1.3088e+06
3.3516e+08,8.53,4.5794e+02,2.2528e+18,1.5537e+07,1.6978e+07,2.9752e+05,5.6634e+01,6.3413e+04,1.3088e+06
5.2140e+08,8.72,3.0357e+02,1.4934e+18,1.6023e+07,1.6978e+07,2.9752e+05,6.5622e+01,6.3413e+04,1.3088e+06
8.1113e+08,8.91,1.9914e+02,9.7963e+17,1.6352e+07,1.6978e+07,2.9752e+05,7.6036e+01,6.3413e+04,1.3088e+06
1.2619e+09,9.10,1.2972e+02,6.3812e+17,1.6570e+07,1.6978e+07,2.9752e+05,8.8104e+01,6.3413e+04,1.3088e+06
1.9630e+09,9.29,8.4106e+01,4.1374e+17,1.6713e+07,1.6978e+07,2.9752e+05,1.0209e+02,6.3413e+04,1.3088e+06
3.0539e+09,9.48,5.4366e+01,2.6745e+17,1.6807e+07,1.6978e+07,2.9752e+05,1.1829e+02,6.3413e+04,1.3088e+06
4.7508e+09,9.68,3.5073e+01,1.7254e+17,1.6868e+07,1.6978e+07,2.9752e+05,1.3706e+02,6.3413e+04,1.3088e+06
7.3907e+09,9.87,2.2598e+01,1.1117e+17,1.6907e+07,1.6978e+07,2.9752e+05,1.5881e+02,6.3413e+04,1.3088e+06
1.1498e+10,10.06,1.4548e+01,7.1565e+16,1.6932e+07,1.6978e+07,2.9752e+05,1.8402e+02,6.3413e+04,1.3088e+06
1.7886e+10,10.25,9.3605e+00,4.6047e+16,1.6949e+07,1.6978e+07,2.9752e+05,2.1322e+02,6.3413e+04,1.3088e+06
2.7826e+10,10.44,6.0207e+00,2.9618e+16,1.6959e+07,1.6978e+07,2.9752e+05,2.4706e+02,6.3413e+04,1.3088e+06
4.3288e+10,10.64,3.8717e+00,1.9046e+16,1.6966e+07,1.6978e+07,2.9752e+05,2.8627e+02,6.3413e+04,1.3088e+06
6.7342e+10,10.83,2.4894e+00,1.2246e+16,1.6970e+07,1.6978e+07,2.9752e+05,3.3170e+02,6.3413e+04,1.3088e+06
1.0476e+11,11.02,1.6005e+00,7.8732e+15,1.6973e+07,1.6978e+07,2.9752e+05,3.8435e+02,6.3413e+04,1.3088e+06
1.6298e+11,11.21,1.0289e+00,5.0615e+15,1.6975e+07,1.6978e+07,2.9752e+05,4.4535e+02,6.3413e+04,1.3088e+06
2.5354e+11,11.40,6.6143e-01,3.2538e+15,1.6976e+07,1.6978e+07,2.9752e+05,5.1602e+02,6.3413e+04,1.3088e+06
3.9442e+11,11.60,4.2519e-01,2.0916e+15,1.6977e+07,1.6978e+07,2.9752e+05,5.9792e+02,6.3413e+04,1.3088e+06
6.1359e+11,11.79,2.7332e-01,1.3446e+15,1.6977e+07,1.6978e+07,2.9752e+05,6.9281e+02,6.3413e+04,1.3088e+06
9.5455e+11,11.98,1.7570e-01,8.6431e+14,1.6978e+07,1.6978e+07,2.9752e+05,8.0277e+02,6.3413e+04,1.3088e+06
1.4850e+12,12.17,1.1294e-01,5.5559e+14,1.6978e+07,1.6978e+07,2.9752e+05,9.3017e+02,6.3413e+04,1.3088e+06
2.3101e+12,12.36,7.2600e-02,3.5714e+14,1.6978e+07,1.6978e+07,2.9752e+05,1.0778e+03,6.3413e+04,1.3088e+06
3.5938e+12,12.56,4.6668e-02,2.2957e+14,1.6978e+07,1.6978e+07,2.9752e+05,1.2488e+03,6.3413e+04,1.3088e+06
5.5908e+12,12.75,2.9998e-02,1.4757e+14,1.6978e+07,1.6978e+07,2.9752e+05,1.4470e+03,6.3413e+04,1.3088e+06
8.6975e+12,12.94,1.9283e-02,9.4861e+13,1.6978e+07,1.6978e+07,2.9752e+05,1.6767e+03,6.3413e+04,1.3088e+06
1.3530e+13,13.13,1.2395e-02,6.0977e+13,1.6978e+07,1.6978e+07,2.9752e+05,1.9428e+03,6.3413e+04,1.3088e+06
2.1049e+13,13.32,7.9679e-03,3.9197e+13,1.6978e+07,1.6978e+07,2.9752e+05,2.2511e+03,6.3413e+04,1.3088e+06
3.2745e+13,13.52,5.1218e-03,2.5196e+13,1.6978e+07,1.6978e+07,2.9752e+05,2.6084e+03,6.3413e+04,1.3088e+06
5.0941e+13,13.71,3.2923e-03,1.6196e+13,1.6978e+07,1.6978e+07,2.9752e+05,3.0224e+03,6.3413e+04,1.3088e+06
7.9248e+13,13.90,2.1163e-03,1.0411e+13,1.6978e+07,1.6978e+07,2.9752e+05,3.5020e+03,6.3413e+04,1.3088e+06
1.2328e+14,14.09,1.3604e-03,6.6922e+12,1.6978e+07,1.6978e+07,2.9752e+05,4.0578e+03,6.3413e+04,1.3088e+06
1.9179e+14,14.28,8.7448e-04,4.3018e+12,1.6978e+07,1.6978e+07,2.9752e+05,4.7018e+03,6.3413e+04,1.3088e+06
2.9836e+14,14.47,5.6212e-04,2.7652e+12,1.6978e+07,1.6978e+07,2.9752e+05,5.4480e+03,6.3413e+04,1.3088e+06
4.6416e+14,14.67,3.6133e-04,1.7775e+12,1.6978e+07,1.6978e+07,2.9752e+05,6.3127e+03,6.3413e+04,1.3088e+06
7.2208e+14,14.86,2.3227e-04,1.1426e+12,1.6978e+07,1.6978e+07,2.9752e+05,7.3145e+03,6.3413e+04,1.3088e+06
1.1233e+15,15.05,1.4930e-04,7.3447e+11,1.6978e+07,1.6978e+07,2.9752e+05,8.4754e+03,6.3413e+04,1.3088e+06
1.7475e+15,15.24,9.5974e-05,4.7212e+11,1.6978e+07,1.6978e+07,2.9752e+05,9.8205e+03,6.3413e+04,1.3088e+06
2.7186e+15,15.43,6.1693e-05,3.0349e+11,1.6978e+07,1.6978e+07,2.9752e+05,1.1379e+04,6.3413e+04,1.3088e+06
4.2292e+15,15.63,3.9656e-05,1.9508e+11,1.6978e+07,1.6978e+07,2.9752e+05,1.3185e+04,6.3413e+04,1.3088e+06
6.5793e+15,15.82,2.5491e-05,1.2540e+11,1.6978e+07,1.6978e+07,2.9752e+05,1.5277e+04,6.3413e+04,1.3088e+06
1.0235e+16,16.01,1.6386e-05,8.0608e+10,1.6978e+07,1.6978e+07,2.9752e+05,1.7702e+04,6.3413e+04,1.3088e+06
1.5923e+16,16.20,1.0533e-05,5.1816e+10,1.6978e+07,1.6978e+07,2.9752e+05,2.0511e+04,6.3413e+04,1.3088e+06
2.4771e+16,16.39,6.7707e-06,3.3307e+10,1.6978e+07,1.6978e+07,2.9752e+05,2.3767e+04,6.3413e+04,1.3088e+06
3.8535e+16,16.59,4.3523e-06,2.1410e+10,1.6978e+07,1.6978e+07,2.9752e+05,2.7539e+04,6.3413e+04,1.3088e+06
5.9948e+16,16.78,2.7977e-06,1.3763e+10,1.6978e+07,1.6978e+07,2.9752e+05,3.1909e+04,6.3413e+04,1.3088e+06
9.3260e+16,16.97,1.7984e-06,8.8468e+09,1.6978e+07,1.6978e+07,2.9752e+05,3.6973e+04,6.3413e+04,1.3088e+06
1.4508e+17,17.16,1.1560e-06,5.6868e+09,1.6978e+07,1.6978e+07,2.9752e+05,4.2841e+04,6.3413e+04,1.3088e+06
2.2570e+17,17.35,7.4309e-07,3.6555e+09,1.6978e+07,1.6978e+07,2.9752e+05,4.9640e+04,6.3413e+04,1.3088e+06
3.5112e+17,17.55,4.7766e-07,2.3498e+09,1.6978e+07,1.6978e+07,2.9752e+05,5.7519e+04,6.3413e+04,1.3088e+06
5.4623e+17,17.74,3.0705e-07,1.5105e+09,1.6978e+07,1.6978e+07,2.9752e+05,6.6647e+04,6.3413e+04,1.3088e+06
8.4975e+17,17.93,1.9737e-07,9.7093e+08,1.6978e+07,1.6978e+07,2.9752e+05,7.7224e+04,6.3413e+04,1.3088e+06
1.3219e+18,18.12,1.2687e-07,6.2412e+08,1.6978e+07,1.6978e+07,2.9752e+05,8.9480e+04,6.3413e+04,1.3088e+06
2.0565e+18,18.31,8.1554e-08,4.0119e+08,1.6978e+07,1.6978e+07,2.9752e+05,1.0368e+05,6.3413e+04,1.3088e+06
3.1993e+18,18.51,5.2423e-08,2.5789e+08,1.6978e+07,1.6978e+07,2.9752e+05,1.2014e+05,6.3413e+04,1.3088e+06
4.9770e+18,18.70,3.3698e-08,1.6577e+08,1.6978e+07,1.6978e+07,2.9752e+05,1.3920e+05,6.3413e+04,1.3088e+06
7.7426e+18,18.89,2.1661e-08,1.0656e+08,1.6978e+07,1.6978e+07,2.9752e+05,1.6129e+05,6.3413e+04,1.3088e+06
1.2045e+19,19.08,1.3924e-08,6.8497e+07,1.6978e+07,1.6978e+07,2.9752e+05,1.8689e+05,6.3413e+04,1.3088e+06
1.8738e+19,19.27,8.9505e-09,4.4031e+07,1.6978e+07,1.6978e+07,2.9752e+05,2.1655e+05,6.3413e+04,1.3088e+06
2.9151e+19,19.46,5.7535e-09,2.8303e+07,1.6978e+07,1.6978e+07,2.9752e+05,2.5092e+05,6.3413e+04,1.3088e+06
4.5349e+19,19.66,3.6984e-09,1.8193e+07,1.6978e+07,1.6978e+07,2.9752e+05,2.9074e+05,6.3413e+04,1.3088e+06
7.0548e+19,19.85,2.3773e-09,1.1695e+07,1.6978e+07,1.6978e+07,2.9752e+05,3.3689e+05,6.3413e+04,1.3088e+06
1.0975e+20,20.04,1.5282e-09,7.5176e+06,1.6978e+07,1.6978e+07,2.9752e+05,3.9035e+05,6.3413e+04,1.3088e+06
1.7074e+20,20.23,9.8232e-10,4.8323e+06,1.6978e+07,1.6978e+07,2.9752e+05,4.5230e+05,6.3413e+04,1.3088e+06
2.6561e+20,20.42,6.3144e-10,3.1063e+06,1.6978e+07,1.6978e+07,2.9752e+05,5.2409e+05,6.3413e+04,1.3088e+06
4.1320e+20,20.62,4.0590e-10,1.9967e+06,1.6978e+07,1.6978e+07,2.9752e+05,6.0726e+05,6.3413e+04,1.3088e+06
6.4281e+20,20.81,2.6091e-10,1.2835e+06,1.6978e+07,1.6978e+07,2.9752e+05,7.0364e+05,6.3413e+04,1.3088e+06
1.0000e+21,21.00,1.6772e-10,8.2505e+05,1.6978e+07,1.6978e+07,2.9752e+05,8.1531e+05,6.3413e+04,1.3088e+06
