# {"source": "PROTEUS coupled run, config tools/verification/data/coupled_config.toml with interior_energetics.aragog.core_bc = \"energy_balance\"", "commits": {"PROTEUS": "01222a80", "aragog": "bc738c8"}, "columns": ["Time", "T_cmb", "T_cmb_node", "F_cmb", "Phi_global", "E_core_residual_frac"]}
0.0,6078.3265138851275,6088.297521111631,1178359924.3455153,1.0,0.0
0.0,6078.3265138851275,6088.297521111631,1178359924.3455153,1.0,0.0
0.0,6078.3265138851275,6088.297521111631,1178359924.3455153,1.0,0.0
1.0,6078.3265138851275,6088.297521111631,1178359924.3455153,1.0,0.0
2.0,6060.083649917854,6069.972366003045,3871413.376972656,1.0,0.0
12.0,5943.743687098151,5953.430426772312,2469534.8708033958,1.0,0.0
22.0,5838.568712210345,5848.080072772346,2231225.4089567265,1.0,0.0
122.00022,5436.779781961837,5445.275584926238,931605.6234153452,0.9591473861866745,0.0
222.0014400022,5339.44322327324,5347.855545067078,225608.21636161333,0.9010209768828231,0.0
322.00366001660007,5271.272839974609,5279.62669587177,155580.2933623872,0.8536911205862994,0.0
422.0068800532003,5216.392455794548,5224.699244196087,123797.2657800193,0.8128706938946934,0.0
522.0111001220008,5169.584176675906,5177.850820445948,104564.71370857803,0.7766524960998145,0.0
622.016320233002,5129.3030218274,5137.535118897432,89228.87933556878,0.7448243964638552,0.0
722.0225403962044,5092.704142781194,5100.904851211448,80465.69048396713,0.7149099192570002,0.0
822.0297606216084,5058.0491354245805,5066.220122394629,75660.58471672663,0.6862823198664025,0.0
922.0379809192145,5026.884458260363,5035.028717224885,67599.24348877095,0.6606900305961257,0.0
1022.0472012990238,4998.384275611235,5006.504091694768,61453.07689438102,0.6361479248362942,0.0
1122.0574217710368,4970.913376767038,4979.009632767642,58902.67228772356,0.6125175152349832,0.0
1222.0686423452546,4945.299996631435,4953.374286095204,54627.70152093724,0.5906987665175126,0.0
1322.080863031678,4923.294991008064,4931.350412584677,46705.35622848989,0.5712601078055015,0.0
1422.0940838403085,4901.814865297635,4909.851896334232,45361.604037711346,0.5518779194724872,0.0
1522.108304781147,4880.858144715716,4888.877404350422,44056.898140710065,0.5329612228713633,0.0
1682.1310582864885,4848.631543121339,4856.6264955998595,42138.811875739826,0.5033795404402933,0.0
1938.167463895035,4808.211948242944,4816.210813834547,32761.936847330064,0.45698957734413576,0.0
2142.9965883818722,4789.95221816457,4797.966300784685,18374.46852503718,0.41867806117181294,0.0
2306.859887971342,4781.134276604136,4789.151013564278,11066.408519172966,0.39240043438379063,0.0
2406.8829565702217,4777.3122947422635,4785.32610031006,7855.972699652555,0.3904452931204519,0.0
2506.9070253997875,4774.286945871015,4782.297355467261,6216.192442510575,0.3893607040316138,0.0
2606.9320944700416,4771.795048764048,4779.8024802943855,5117.471677668151,0.3886854979513837,0.0
2766.972204982448,4768.550546948334,4776.553691526829,4162.434899369615,0.388039349062311,0.0
3023.0363818022984,4764.58193131014,4772.578858157933,3180.5095372187147,0.3875220886040604,0.0
3432.7390647140587,4760.054301362245,4768.04235767618,2266.689836895119,0.38702324369091234,0.0
4088.263357372875,4755.21979229534,4763.198402891345,1511.2084073957894,0.38702324369091234,0.0
4612.682791499928,4752.131082204515,4760.11078305222,1203.090001103852,0.38702324369091234,0.0
5032.21833880157,4749.978858289628,4757.955176400564,1049.3340416330045,0.38702324369091234,0.0
5367.846776642884,4748.500191322587,4756.472327387092,901.9498314991863,0.38702324369091234,0.0
5636.349526915935,4747.44975398126,4755.414762013981,803.8718539392196,0.38702324369091234,0.0
5851.1517271343755,4746.683823290384,4754.643907150183,732.2837675273312,0.38702324369091234,0.0
6022.993487309128,4746.112414303105,4754.068760500805,682.8627919574885,0.38702324369091234,0.0
6160.46689544893,4745.679107395057,4753.632881182448,646.8257885005687,0.38702324369091234,0.0
6270.445621960771,4745.346577321538,4753.298305131559,620.5688998665913,0.38702324369091234,0.0
6370.508326416991,4745.054571390545,4753.004544413246,598.8184600600609,0.38702324369091234,0.0
6470.5720315002545,4744.771514524786,4752.719887640935,580.2217529784572,0.38702324369091234,0.0
6570.63673722057,4744.4971597172635,4752.443950203861,562.4099421498648,0.38702324369091234,0.0
6670.702443587942,4744.231172177191,4752.176471303865,545.132442137121,0.38702324369091234,0.0
6770.769150612377,4743.972778999061,4751.916692808989,529.4049841304255,0.38702324369091234,0.0
6870.836858303883,4743.721728602371,4751.664288493481,514.3441021507615,0.38702324369091234,0.0
6970.905566672465,4743.477606149743,4751.418909165837,499.99741739068537,0.38702324369091234,0.0
7070.975275728131,4743.239874971668,4751.1799874464605,486.80959917336907,0.38702324369091234,0.0
7171.04598548089,4743.00826328032,4750.947236245836,474.20848868182344,0.38702324369091234,0.0
7271.117695940745,4742.782291215498,4750.720212572791,462.5123795211074,0.38702324369091234,0.0
7371.190407117705,4742.561569463011,4750.498493767518,451.67900774171517,0.38702324369091234,0.0
7471.2641190217755,4742.345734020502,4750.281733234306,441.5533313338835,0.38702324369091234,0.0
7571.338831662966,4742.1343141491525,4750.069463487069,432.3815618661862,0.38702324369091234,0.0
7671.414545051282,4741.926923125765,4749.86128733596,424.0201430807489,0.38702324369091234,0.0
7771.491259196733,4741.723108223216,4749.656770355605,416.54480332158886,0.38702324369091234,0.0
7871.568974109325,4741.522377181475,4749.455418036556,410.07768256412515,0.38702324369091234,0.0
7971.647689799065,4741.3242585957905,4749.256758989967,404.57140138080086,0.38702324369091234,0.0
8071.727406275963,4741.128225053941,4749.060279369836,400.11233744172006,0.38702324369091234,0.0
8171.808123550026,4740.933681515308,4748.865391392084,396.85077266298856,0.38702324369091234,0.0
8271.88984163126,4740.740015760353,4748.6714857677935,394.83030536369773,0.38702324369091234,0.0
8371.972560529677,4740.546585137872,4748.477925809926,394.10646312153386,0.38702324369091234,0.0
8472.056280255283,4740.352706106805,4748.284035125805,394.7597799955499,0.38702324369091234,0.0
8572.141000818086,4740.157649778217,4748.0890926464,396.8810061737741,0.3502795934431497,0.0
8672.226722228095,4739.960640861505,4747.8923306826955,400.56474055603474,0.34820271289846927,0.0
8772.313444495318,4739.760867346656,4747.6929423767115,405.8903563135756,0.34820271289846927,0.0
8872.401167629763,4739.557506192655,4747.490104642568,412.89066658729473,0.3431434251012516,0.0
8972.48989164144,4739.349762590521,4747.2830154256535,421.52242265199317,0.3431434251012516,0.0
9072.579616540357,4739.136915719645,4747.070938875855,431.6505790254235,0.3431434251012516,0.0
9172.670342336523,4738.91836197931,4746.853249420639,443.0503433958946,0.3431434251012516,0.0
9272.762069039947,4738.693648892152,4746.629467515489,455.42415752663027,0.3431434251012516,0.0
9372.854796660638,4738.462495835156,4746.399282766159,468.42773150653704,0.3431434251012516,0.0
9472.948525208605,4738.22479959458,4746.162561984523,481.7000824664741,0.3431434251012516,0.0
9573.043254693857,4737.980626365469,4745.919343438813,494.8923820813687,0.33047834341839455,0.0
9673.138985126405,4737.73019238585,4745.66981915416,507.6916786426452,0.33047834341839455,0.0
9773.235716516256,4737.473837620357,4745.414309568475,519.8366325592809,0.33047834341839455,0.0
9873.333448873422,4737.211996615175,4745.153234696616,531.1249255595689,0.33047834341839455,0.0
9973.432182207911,4736.9451697486065,4744.887085175982,541.4135268870251,0.33047834341839455,0.0
10073.531916529733,4736.673896452786,4744.616394938444,550.6138034525908,0.33047834341839455,0.0
10173.632651848899,4736.398733600516,4744.3417188875155,558.6836693086785,0.33047834341839455,0.0
10273.734388175417,4736.12023759584,4744.063614244132,565.6187371869208,0.33047834341839455,0.0
10373.837125519298,4735.838950133668,4743.782626025265,571.4440371462343,0.33047834341839455,0.0
10473.940863890553,4735.555364327649,4743.499258630004,576.2424958182405,0.33047834341839455,0.0
10574.045603299191,4735.269915376683,4743.213953766005,580.1418697414052,0.33047834341839455,0.0
10674.151343755224,4734.983028781777,4742.927138184736,583.1727717739813,0.33047834341839455,0.0
10774.258085268662,4734.695091760017,4742.639208883678,585.3959013155438,0.33047834341839455,0.0
10874.365827849515,4734.406435603724,4742.3505041362605,586.9309313226872,0.3193007989228323,0.0
10974.474571507793,4734.117373579025,4742.061340537448,587.8221032750234,0.3191870408254493,0.0
11074.58431625351,4733.828175736937,4741.771996576025,588.1471281158233,0.3191870408254493,0.0
11174.695062096673,4733.539083224108,4741.482716628935,587.9752574281129,0.3184344638954516,0.0
11274.806809047293,4733.250310258358,4741.193720875241,587.3559334562437,0.31795911936879023,0.0
11374.919557115383,4732.962041015979,4740.905197654756,586.3540725206509,0.3174728719273668,0.0
11535.099954024327,4732.502254915192,4740.444951337062,584.5412147851348,0.31668932443673975,0.0
11791.388589078635,4731.771417994538,4739.713273329196,580.7245717510721,0.31545730126709787,0.0
12201.45040516553,4730.617383837363,4738.557744970705,573.091994236555,0.31355350434517604,0.0
12529.499858035046,4729.70921126557,4737.648321736233,563.6703217680092,0.31211871232851035,0.0
12791.939420330658,4728.992861360499,4736.930945731338,555.7013201304098,0.3109878780951979,0.0
13211.842720003639,4727.866167312018,4735.80258880361,546.1807907580443,0.3094666415608677,0.0
13469.121031932618,4727.1877527477955,4735.1231579223095,536.6590222475478,0.3094666415608677,0.0
13674.943681475803,4726.6514668320215,4734.586067522252,530.2185297078929,0.3094666415608677,0.0
13839.601801110348,4726.226487175444,4734.160452305137,525.1585398288859,0.3094666415608677,0.0
13971.328296817985,4725.889044252391,4733.822507099739,521.1881117110489,0.3094666415608677,0.0
14076.709493384096,4725.62068651602,4733.5537518815345,518.068657876321,0.3094666415608677,0.0
14176.85026047903,4725.366966899335,4733.299658332559,515.4093356343552,0.3094666415608677,0.0
14276.992028981635,4725.1144847451405,4733.046806074878,512.8590191081439,0.3094666415608677,0.0
14377.134798901927,4724.863219402867,4732.795174583709,510.3505578815172,0.3094666415608677,0.0
14477.278570249917,4724.613149756704,4732.544742858977,507.8851692184631,0.3094666415608677,0.0
14577.42334303562,4724.364254141139,4732.295489339851,505.4639540687614,0.3025829997729734,0.0
14677.569117269051,4724.11651043786,4732.047391996877,503.0878691731472,0.30252801794075146,0.0
14777.715892960225,4723.869896151643,4731.800428402417,500.75766618756444,0.3024904790286145,0.0
14877.863670119155,4723.624388559982,4731.554575876365,498.47384203005373,0.30239066732641007,0.0
14978.012448755859,4723.379964855117,4731.3098116262845,496.23661058172553,0.3022386381548479,0.0
15078.162228880348,4723.13660231269,4731.0661129163345,494.0458925916367,0.3020485637600248,0.0
15178.313010502638,4722.894278398255,4730.823457175689,491.901331320629,0.30183335744582035,0.0
15278.464793632742,4722.652970969846,4730.58182220436,489.8023227798429,0.3016021408595082,0.0
15438.70764664091,4722.268943886136,4730.197279769136,487.1431771574198,0.30121238237437126,0.0
15695.09621145398,4721.659594740366,4729.587127467394,483.04220598946404,0.3005634273977076,0.0
16105.317915154888,4720.696944467991,4728.623242637646,476.8474008360932,0.2995087033997408,0.0
16761.672641076344,4719.185584473209,4727.110018847281,467.7606349728802,0.2978295882630424,0.0
17811.840202550673,4716.832650823774,4724.754329215322,454.926084916358,0.295322888087458,0.0
18651.974251730135,4715.000923662368,4722.920552642563,442.4729231533517,0.295322888087458,0.0
19996.188730417274,4712.15121641101,4720.06778224733,430.00307654937495,0.295322888087458,0.0
21071.560313366987,4709.935061409502,4717.849323544984,417.76576451774747,0.295322888087458,0.0
21931.857579726755,4708.198842029011,4716.111334660232,408.93698383539316,0.28331606723516195,0.0
22032.076898302552,4707.998589305844,4715.910879500245,404.79438990235144,0.28331606723516195,0.0
22132.297219071534,4707.79874213105,4715.710830609678,403.9527869121724,0.28331606723516195,0.0
22232.518542043723,4707.599297568065,4715.5111850395315,403.1172607116956,0.28331606723516195,0.0
22332.740867229142,4707.400252743322,4715.3119399042425,402.28768727478865,0.28331606723516195,0.0
22432.964194637814,4707.2016048322785,4715.113092367685,401.4639465655697,0.28331606723516195,0.0
22533.18852427976,4707.003351075548,4714.914639659329,400.6459233050176,0.28331606723516195,0.0
22633.413856165003,4706.80548876445,4714.716579059741,399.8335064700863,0.28331606723516195,0.0
22733.640190303566,4706.608015243087,4714.51890790265,399.0265890709844,0.28331606723516195,0.0
22833.867526705468,4706.410927959245,4714.321623625982,398.22506884620776,0.28331606723516195,0.0
22934.095865380736,4706.214224248882,4714.124723555817,397.42884504018406,0.28331606723516195,0.0
23034.32520633939,4706.017901640247,4713.928205211211,396.63782262625017,0.28331606723516195,0.0
23134.555549591452,4705.821957671465,4713.732066121329,395.8519096509071,0.28209049258753277,0.0
23294.924098794756,4705.509232928104,4713.419030445702,394.83804197622214,0.2819807092566542,0.0
23423.2189381574,4705.259743633472,4713.169293503435,393.7241365414979,0.2818769725907426,0.0
23525.854809647513,4705.0605905953835,4712.969943038011,392.8402270409107,0.2818108412447922,0.0
23626.09006819561,4704.866469198471,4712.775629415591,392.06897512146674,0.28174042910257724,0.0
23786.46648187256,4704.55663698121,4712.4654908195325,391.08547475369147,0.28160135030627037,0.0
24043.068743755688,4704.062836405696,4711.971203000834,389.52802974025894,0.28131115741443946,0.0
24453.63236276869,4703.27761961601,4711.185213964807,387.0760691380314,0.28074640147779173,0.0
24782.08325797909,4702.653675833795,4710.560658655037,384.411129036342,0.2802539078120757,0.0
25307.604690315733,4701.663004300021,4709.569019761971,381.40280617513264,0.2794260200434243,0.0
26148.43898205436,4700.096907118523,4708.001401650627,376.73209827488915,0.2781163187795546,0.0
26821.106415445258,4698.860272218619,4706.763572342017,371.7352257500149,0.2781163187795546,0.0
27897.374308870698,4696.910456308574,4704.811883686907,366.1983141820037,0.2781163187795546,0.0
28758.388623611052,4695.375125986489,4703.275086749972,360.30585281147864,0.2730608297847535,0.0
29447.200075403336,4694.161968017719,4702.060774312432,355.76916234137207,0.2730608297847535,0.0
30549.298398270992,4692.247851115075,4700.144842723257,350.71414236770005,0.2705951130861679,0.0
32312.655714859236,4689.251174315194,4697.1453386280355,342.98540708901106,0.2705951130861679,0.0
33723.341568129836,4686.909349111424,4694.801313181852,334.85093021435176,0.262185960483246,0.0
33850.10537812847,4686.701241318626,4694.59301019779,331.05615113048975,0.262185960483246,0.0
33951.51642612738,4686.5350265811385,4694.426639598868,330.503022271825,0.262185960483246,0.0
34051.855941291644,4686.370804792463,4694.262263849439,330.0156815262714,0.262185960483246,0.0
34152.19645985106,4686.206816036074,4694.098121382088,329.532500006326,0.262185960483246,0.0
34252.53798181566,4686.0430595699545,4693.934211453685,329.050871534488,0.262185960483246,0.0
34352.88050719548,4685.879534657064,4693.770533326095,328.5707864936618,0.262185960483246,0.0
34453.22403600055,4685.716240596531,4693.6070862974075,328.0922355913331,0.262185960483246,0.0
34553.56856824091,4685.553176622397,4693.443869600547,327.6152092628948,0.262185960483246,0.0
34653.91410392659,4685.390341965367,4693.2808824651165,327.1396980382666,0.262185960483246,0.0
34754.26064306763,4685.2277359445125,4693.118124209205,326.66569310751123,0.262185960483246,0.0
34854.608185674064,4685.065357846961,4692.955594118912,326.1931855667566,0.262185960483246,0.0
34954.95673175592,4684.903206961557,4692.793291482073,325.72216656432596,0.260890051644952,0.0
35115.51440548689,4684.644239762854,4692.5340819836565,325.11215280910176,0.2605625840120378,0.0
35243.96054447166,4684.437484506851,4692.327133330833,324.43918767747954,0.2603123680734217,0.0
35346.71745565948,4684.272347079903,4692.16184146843,323.9030077253816,0.26011935272682263,0.0
35447.070922834035,4684.111300281065,4692.000644087216,323.4335956563456,0.2599352205891581,0.0
35607.63647031333,4683.8540924265035,4691.743195793415,322.8328452517184,0.2596476575816347,0.0
35864.5413462802,4683.44374926704,4691.332469183672,321.87675833707914,0.25920145179837834,0.0
36275.5891478272,4682.79021961464,4690.678329182634,320.359942062145,0.25851327151044917,0.0
36933.265630302405,4681.752199516445,4689.639340509993,317.96545230937977,0.2574570680766279,0.0
37985.54800226273,4680.110487214969,4687.996098404841,314.21468904043104,0.25584806682873734,0.0
39669.199797399255,4677.531106206976,4685.414318810885,308.4099548996421,0.2533854536217053,0.0
41016.12123350847,4675.507961457555,4683.389296987755,302.228525950961,0.2533854536217053,0.0
43171.195531283214,4672.342004418708,4680.220410314664,295.42799712896226,0.24792193182568284,0.0
43447.54711024305,4671.942134248468,4679.820170797155,290.8704632744718,0.24792193182568284,0.0
43668.628373410924,4671.623214086274,4679.50095616555,289.9606592756045,0.24792193182568284,0.0
43845.49338394522,4671.368698792798,4679.246205937395,289.23727136090014,0.24792193182568284,0.0
43986.985392372655,4671.165481974228,4679.042801578898,288.66138639540696,0.24792193182568284,0.0
44100.1789991146,4671.003160648157,4678.880330480738,288.202473424778,0.24792193182568284,0.0
44200.62000090459,4670.859313781896,4678.73635090863,287.8187608766177,0.24792193182568284,0.0
44301.0620071046,4670.715640827213,4678.59254542727,287.458970285201,0.24792193182568284,0.0
44401.505017724674,4670.572141347639,4678.44891359964,287.10014878765867,0.24792193182568284,0.0
44501.94903277485,4670.428814883079,4678.305454965067,286.7422918926526,0.24792193182568284,0.0
44602.394052265176,4670.285660973726,4678.162169063163,286.385395119283,0.24792193182568284,0.0
44702.8400762057,4670.142679162116,4678.01905543588,286.0294539847993,0.247185835860882,0.0
44803.28710460646,4669.99986899302,4677.87611362741,285.67446400540604,0.2470168816909156,0.0
44903.73513747751,4669.8572300482,4677.733343218972,285.3204208469738,0.2468443886310799,0.0
45004.184174828886,4669.714761809497,4677.590743691748,284.9673197748763,0.24667729769476662,0.0
45104.63421667063,4669.572463858132,4677.448314626415,284.61515644641884,0.24651566137720854,0.0
45205.0852630128,4669.430335747424,4677.306055575709,284.26392641294075,0.24635879712673373,0.0
45365.80693716027,4669.203285869804,4677.078796557213,283.8087785698659,0.2461158073599447,0.0
45622.96161579622,4668.840911034697,4676.716088020929,283.0838506922449,0.24574227895411693,0.0
46034.409101613746,4668.263411450859,4676.138056859373,281.93234233817896,0.24517153174134385,0.0
46692.72507892179,4667.345233837909,4675.219034634153,280.1109909472918,0.2443037825420973,0.0
47746.03064261465,4665.890788112268,4673.763252305317,277.2492166645862,0.2429825514845033,0.0
49431.31954452323,4663.600111170269,4671.470473208367,272.7984465714309,0.24095675258372687,0.0
52127.781787576954,4660.024353174865,4667.891439608455,265.98215340687665,0.2379098281446661,0.0
56127.781787576954,4654.91007738365,4662.772487479031,256.2108276892311,0.23315024400996442,0.0
59141.13095884463,4651.197242071768,4659.0562609049375,246.67079095950646,0.23315024400996442,0.0
61551.81029585876,4648.308202582933,4656.164583608218,239.75487597026697,0.23315024400996442,0.0
63480.35376547007,4646.04653939837,4653.900855710117,234.48302089220385,0.23315024400996442,0.0
65023.188541159114,4644.267780085527,4652.120472592171,230.42095287155286,0.23315024400996442,0.0
66257.45636171036,4642.863778963541,4650.715189770511,227.26555857151274,0.23315024400996442,0.0
67244.87061815136,4641.752467010889,4649.602863287086,224.79911096514272,0.23315024400996442,0.0
68034.80202330416,4640.870890269159,4648.720481714421,222.86178131263586,0.22399957410567556,0.0
68301.6783088843,4640.57453486659,4648.423855747857,221.7239621565831,0.22399957410567556,0.0
68515.1793373484,4640.337985818949,4648.187090734287,221.21068082224357,0.22399957410567556,0.0
68685.98016011968,4640.149087855793,4647.998020307573,220.80164586847795,0.22399957410567556,0.0
68822.62081833671,4639.998187240589,4647.846981918693,220.47542948727477,0.22399957410567556,0.0
68931.93334491034,4639.877605760953,4647.7262903459305,220.2151006503555,0.22399957410567556,0.0
69032.6226642438,4639.7666455611015,4647.615228836451,219.9932801991639,0.22270806208243418,0.0
69133.31299047044,4639.655788697752,4647.504270756919,219.78095755017344,0.22255797817748224,0.0
69294.41751243306,4639.478634565559,4647.326954874863,219.50552675026154,0.22231860632102132,0.0
69423.30113000316,4639.33710289093,4647.185293973491,219.20113556276928,0.22213395740990782,0.0
69526.40802405924,4639.223999946337,4647.072087758042,218.9581851662623,0.2219905720975341,0.0
69627.10328813948,4639.113647240852,4646.961634291774,218.74517146991988,0.22185382236771115,0.0
69788.21571066785,4638.937297867538,4646.785123895167,218.47211530890155,0.22164150507376623,0.0
70045.99558671324,4638.655687517412,4646.5032564024805,218.03655124563028,0.22131467497077936,0.0
70458.44338838586,4638.2065088103855,4646.053667526372,217.34301797695912,0.22081817713967275,0.0
71118.35987106206,4637.4913743220795,4645.337879960257,216.24188914870152,0.22007545088693506,0.0
72174.22624334398,4636.356142027919,4644.201610792154,214.50149827791566,0.2189579854221383,0.0
73863.61243899504,4634.5623340821785,4642.406163970112,211.77007646707963,0.21722332171132444,0.0
75215.12139551589,4633.146838047999,4640.9893741754,208.81285246363495,0.21722332171132444,0.0
77377.53572594924,4630.917193118537,4638.7576902551855,205.49146250876817,0.21389132401129768,0.0
77847.34682602264,4630.438376060238,4638.278435137336,203.0563654368726,0.21389132401129768,0.0
78223.19570608134,4630.056739271438,4637.896449150178,202.28653577749216,0.21389132401129768,0.0
78523.87481012831,4629.7523312121175,4637.591762527448,201.67441340039431,0.21389132401129768,0.0
78764.4180933659,4629.509378900858,4637.348587872364,201.18709322880522,0.21389132401129768,0.0
78956.85271995596,4629.315383088043,4637.15441450787,200.79875060685785,0.21389132401129768,0.0
79110.80042122802,4629.160419976574,4636.9993095615,200.48904113145716,0.21389132401129768,0.0
79233.95858224567,4629.036598589368,4636.875374838242,200.2418888746684,0.21389132401129768,0.0
79334.7509218315,4628.935361891466,4636.774045473478,200.04254538787137,0.21389132401129768,0.0
79435.54426934071,4628.834212627653,4636.672803620164,199.86341748112298,0.21389132401129768,0.0
79536.3386247834,4628.733150660192,4636.571649140471,199.68457416485123,0.21256569863930644,0.0
79637.13398816965,4628.632175855395,4636.470581900619,199.50601495578195,0.21244981202034957,0.0
79737.93035950953,4628.531288099955,4636.36960178724,199.32773940742632,0.21234018955621378,0.0
79838.72773881312,4628.430487247786,4636.268708654143,199.14974701623524,0.212230019570143,0.0
79939.52612609051,4628.329773139221,4636.167902341556,198.97203728423682,0.21212041011084304,0.0
80040.32552135177,4628.229145647725,4636.067182722866,198.79460974592334,0.2120117391861353,0.0
80201.60455376978,4628.068323584035,4635.906213417171,198.56439500745677,0.21184000511735787,0.0
80459.65100563859,4627.811472667121,4635.64912732565,198.1970628191227,0.21157071002005168,0.0
80872.52532862869,4627.401695051915,4635.238974484327,197.61191115766988,0.21123618751186304,0.0
81533.12424541285,4626.74906055069,4634.585742305151,196.68223555756057,0.21071964395531084,0.0
82590.08251226752,4625.712465197485,4633.54819748905,195.2114172737315,0.20989486430718476,0.0
84281.21573923498,4624.073075748133,4631.907306171061,192.9001870005283,0.20859768469939502,0.0
86987.02890238291,4621.497731163381,4629.3296020278885,189.30763516721302,0.20658839586600958,0.0
90987.02890238291,4617.793473579393,4625.621951268259,184.06738459605927,0.20368436226982956,0.0
93578.45934860813,4615.456040215569,4623.282377731526,179.16423010985093,0.20368436226982956,0.0
95651.6037055883,4613.619867448675,4621.444524385618,175.84876047792068,0.20368436226982956,0.0
97310.11919117245,4612.171858947417,4619.995190974688,173.28153403181545,0.20368436226982956,0.0
98636.93157963976,4611.026511265457,4618.848795553251,171.27991448928776,0.20368436226982956,0.0
99698.38149041361,4610.118424866688,4617.939878599911,169.71084110072027,0.20368436226982956,0.0
100547.54141903268,4609.3971157941105,4617.217909889489,168.47562830575524,0.20368436226982956,0.0
101226.86936192795,4608.823329581033,4616.643599000761,167.5000009759381,0.1976080826350627,0.0
101471.45800795067,4608.617444351749,4616.437525519019,166.91537551480707,0.1976080826350627,0.0
101667.12892476884,4608.453002963804,4616.272933777139,166.63831240566145,0.1976080826350627,0.0
101823.66565822337,4608.321620116499,4616.1414308049425,166.41730510718793,0.1976080826350627,0.0
101948.89504498699,4608.216622583511,4616.036337273102,166.24090926360537,0.1976080826350627,0.0
102049.91453393744,4608.131993925571,4615.951631240543,166.09953228251254,0.19700594795857626,0.0
102150.93503308277,4608.047427075222,4615.866987073014,165.97348306427256,0.19692680986641423,0.0
102251.95654243311,4607.962921978848,4615.7824047168415,165.84761762955645,0.19685033781377032,0.0
102413.59095739365,4607.827843778136,4615.647203021166,165.684279657395,0.19672963951592784,0.0
102542.89848936208,4607.719896146838,4615.539156700638,165.50369410718233,0.1966341813204709,0.0
102646.34451493682,4607.633611459694,4615.45279313029,165.35950075805133,0.19655817227006714,0.0
102811.8581558564,4607.495691423218,4615.314747006464,165.19319732184036,0.19643710470690587,0.0
103076.67998132773,4607.27536533075,4615.094219495408,164.9277954547681,0.19624499732903328,0.0
103500.39490208185,4606.923725679098,4614.742258392643,164.50489311385647,0.19594162579628485,0.0
104178.33877528844,4606.363345850974,4614.181366323881,163.83266698250785,0.19546595772220576,0.0
105263.04897241898,4605.472422998244,4613.289629154869,162.76825902763676,0.19472737663586534,0.0
106130.81713012341,4604.764660783333,4612.58122009362,161.60383238873152,0.1941540735002281,0.0
107519.2461824505,4603.641300240261,4611.456832969173,160.2792322625583,0.19320017293252117,0.0
108629.98942431218,4602.750515813019,4610.5652345675235,158.83479158888662,0.19320017293252117,0.0
110407.17861129087,4601.33959406465,4609.153023640268,157.1981501311925,0.19118550570015436,0.0
111828.92996087381,4600.2233157794335,4608.035725426461,155.4203242416285,0.19118550570015436,0.0
112966.33104054014,4599.338115979388,4607.149716821912,154.02539174888196,0.19118550570015436,0.0
114786.17276800628,4597.935987256913,4605.746306912281,152.44422112320606,0.19118550570015436,0.0
116242.04614997917,4596.826624731377,4604.635930620323,150.7259759166658,0.18772192744677196,0.0
117406.74485555748,4595.9468856742715,4603.755387560127,149.37731444641742,0.18772192744677196,0.0
118338.50382002012,4595.247981862669,4603.055844963549,148.31453763610847,0.18772192744677196,0.0
119829.31816316035,4594.138638404656,4601.945487498785,147.1048477457841,0.1855251161045741,0.0
121021.96963767255,4593.258935976672,4601.064980900787,145.78500847864254,0.18474555577211027,0.0
121976.09081728233,4592.560074432364,4600.365480464499,144.74503538518576,0.18474555577211027,0.0
122739.38776097014,4592.0040843115585,4599.808982046059,143.92305959631196,0.18474555577211027,0.0
123960.66287087066,4591.12016148761,4598.924251101664,142.98471485608147,0.18295458415410487,0.0
124937.68295879105,4590.417979956517,4598.221427599474,141.95796902765062,0.18234113116191447,0.0
126500.91509946367,4589.303514356772,4597.105943112106,140.78978005063158,0.18234113116191447,0.0
129002.08652453987,4587.543005611182,4595.343824966475,138.9590072538599,0.17986522712454822,0.0
131003.02366460083,4586.15417136136,4593.953721278695,136.98087569703753,0.17986522712454822,0.0
132603.7733766496,4585.0553259321705,4592.853871630624,135.4373305990923,0.17986522712454822,0.0
133884.37314628862,4584.18392001395,4591.981669464536,134.22672772281965,0.177198483555802,0.0
135933.33277771107,4582.803576767142,4590.6000651652375,132.85532072379763,0.17599324245248227,0.0
137572.50048284902,4581.711385504612,4589.506876324591,131.36613427583296,0.17500460249744224,0.0
138883.83464695938,4580.845215267518,4588.639915102786,130.19825691501603,0.17500460249744224,0.0
139932.90197824768,4580.157056826898,4587.951128338279,129.27861300774035,0.17500460249744224,0.0
141611.40970830896,4579.0646995210045,4586.857773846668,128.23263042730858,0.17500460249744224,0.0
142954.21589235798,4578.198399810908,4585.990683488832,127.09226507634364,0.1722281374002439,0.0
143517.0140921051,4577.837293401558,4585.629247555291,126.38296857853385,0.1722281374002439,0.0
143967.2526519028,4577.549241925771,4585.340933241449,126.00932295843774,0.1722281374002439,0.0
144327.44349974094,4577.319331511904,4585.110813054706,125.71198535803967,0.1722281374002439,0.0
144615.59617801147,4577.135741438082,4584.927055479748,125.4751190694999,0.1722281374002439,0.0
144846.1183206279,4576.98908514392,4584.7802653870185,125.28626506403545,0.1722281374002439,0.0
145030.53603472104,4576.871897831591,4584.662971165006,125.13558910761246,0.17121598262321097,0.0
145178.07020599555,4576.778235938045,4584.569223826216,125.01530809625551,0.17114014172140657,0.0
145414.12488003477,4576.628539187358,4584.41939051537,124.87661887438652,0.17102298851665917,0.0
145602.96861926615,4576.50892527026,4584.2996674847545,124.72333012980647,0.17093063897196167,0.0
145754.04361065125,4576.413325787531,4584.203980797203,124.60096905296493,0.17085677371187227,0.0
145874.90360375933,4576.336904742038,4584.1274900427825,124.50325244147572,0.17079766784302472,0.0
146068.27959273226,4576.214739121304,4584.005212989156,124.390535973667,0.17070303370604334,0.0
146377.68117508895,4576.019550030395,4583.809845864544,124.21061814162452,0.1705514379039481,0.0
146872.72370685966,4575.707951294255,4583.497962935055,123.92384187153667,0.1703084777066588,0.0
147664.7917576928,4575.21118415962,4583.000742772219,123.46777578195615,0.16991913862515282,0.0
148932.1006390258,4574.420897810339,4582.209735841752,122.74509518045586,0.16929667347853797,0.0
150959.7948491586,4573.167889354343,4580.955585209258,121.60645994156876,0.16830353697506956,0.0
154204.10558537112,4571.191689300463,4578.97758454718,119.82851205772477,0.16673797832356677,0.0
158204.10558537112,4568.802047923082,4576.585767150479,117.46729639452104,0.1648432789748463,0.0
161404.10558537112,4566.926233789118,4574.708245864861,115.20763828506767,0.16336013066645802,0.0
163964.10558537112,4565.447781842039,4573.228448983537,113.46166868950704,0.16212594795678656,0.0
164700.16118076927,4565.02626580165,4572.806549585584,112.48510563740923,0.16212594795678656,0.0
165289.00565708778,4564.690186082573,4572.470164239679,112.09782614784666,0.16212594795678656,0.0
165760.0812381426,4564.422043084111,4572.201777413343,111.78991616758537,0.16212594795678656,0.0
166136.94170298646,4564.207987726304,4571.987527422134,111.54480239188706,0.16212594795678656,0.0
166438.43007486154,4564.037036080536,4571.816420343022,111.34948317677318,0.16212594795678656,0.0
166679.6207723616,4563.900461473522,4571.679721563731,111.19371906790565,0.16212594795678656,0.0
166872.57333036166,4563.791320985946,4571.57048184966,111.06942082551937,0.16212594795678656,0.0
167026.93537676168,4563.704084731615,4571.483166285234,110.97018188626777,0.16075477500464108,0.0
167150.4250138817,4563.63434437913,4571.4133625301065,110.89091816044078,0.16070073403113025,0.0
167252.09651813185,4563.576958171487,4571.3559241520725,110.82676871707686,0.16065717682426436,0.0
167353.76903909704,4563.519600633878,4571.298514470857,110.76889954646629,0.16061385808196108,0.0
167455.44257678743,4563.462271737228,4571.241133457357,110.71108986678367,0.160570601801647,0.0
167557.1171312132,4563.404971452145,4571.1837810821535,110.65333958523001,0.16052730604057136,0.0
167719.7964182944,4563.313351611776,4571.092077954182,110.57835723118612,0.16045779231619078,0.0
167980.08327762433,4563.166914804047,4570.945508030937,110.45859912952444,0.16034577635854902,0.0
168396.54225255223,4562.933011441461,4570.7113920527445,110.26753116982051,0.1601643155215763,0.0
169062.87661243687,4562.559774080302,4570.337815447448,109.96320959360513,0.15986938365852793,0.0
170129.0115882523,4561.9651564068945,4569.742657374219,109.47981354619483,0.1593902246969214,0.0
171834.82754955697,4561.020252724388,4568.796895101168,108.7152563869347,0.15861737822776814,0.0
174564.13308764444,4559.524709560591,4567.2999933947485,107.51416933409213,0.15738525614857007,0.0
178564.13308764444,4557.368151110848,4565.141476778228,105.74167031895469,0.1556028269759069,0.0
182564.13308764444,4555.252105440752,4563.023510701775,103.70659224544627,0.1538478152844129,0.0
186564.13308764444,4553.175065081537,4560.94458630348,101.74810668313147,0.15212354578777995,0.0
190564.13308764444,4551.135602554058,4558.9032747882575,99.86211599485561,0.15041733765250556,0.0
193764.13308764444,4549.53017711089,4557.2963945465635,98.22255816652941,0.15041733765250556,0.0
197764.13308764444,4547.554992727211,4555.319421149095,96.63796337001875,0.14758554567773532,0.0
200964.13308764444,4545.999355364003,4553.762375455117,95.10204485140059,0.14758554567773532,0.0
204964.13308764444,4544.0844589142225,4551.84574629048,93.61618298786942,0.1449291360297412,0.0
208164.13308764444,4542.575560571199,4550.335483296522,92.17474694342116,0.14373672755497216,0.0
209169.21611196015,4542.1057575982195,4549.865255560979,91.35265007913678,0.14373672755497216,0.0
209973.28253141273,4541.7313147917175,4549.490474254133,91.00400744153771,0.14373672755497216,0.0
210616.53566697479,4541.432650110199,4549.191539604886,90.7270361190561,0.14373672755497216,0.0
211131.13817542442,4541.1942845443755,4548.952958594815,90.50669118664116,0.14373672755497216,0.0
211542.82018218414,4541.003952857089,4548.762454889815,90.3311980615801,0.14373672755497216,0.0
211872.16578759192,4540.851917587293,4548.610282221216,90.19130166005834,0.14373672755497216,0.0
212135.64227191816,4540.730436210145,4548.488691062478,90.07970183263907,0.1423240893344004,0.0
212346.42345937915,4540.633344875967,4548.391511990802,89.99062428139725,0.14224621888108485,0.0
212515.04840934795,4540.555731714088,4548.3138286950025,89.91949133293271,0.14218680804736702,0.0
212649.94836932298,4540.493679468047,4548.2517203776615,89.86266739454805,0.142139524233078,0.0
212757.868337303,4540.444062152194,4548.202058227684,89.81726089814609,0.14210179149223334,0.0
212930.54028607102,4540.364719629158,4548.122644012345,89.76485249060181,0.1420415153100432,0.0
213206.81540409982,4540.237887111687,4547.995696895327,89.68113026297041,0.14194522544383822,0.0
213648.85559294588,4540.035250084723,4547.792876785233,89.54750960080834,0.14179124263403317,0.0
214356.1198950996,4539.711783064484,4547.469117536117,89.3345696546536,0.14154431930099298,0.0
215487.74277854557,4539.196149418749,4546.953018115306,88.99603246786565,0.14114695544543496,0.0
217298.3393920591,4538.375985384628,4546.132113379682,88.45984971473212,0.14050689964051438,0.0
220195.2939736808,4537.0759418011985,4544.830896102989,87.61569369853702,0.13948183253597382,0.0
224195.2939736808,4535.305035982381,4543.058392250114,86.40802929213034,0.13807514844055235,0.0
228195.2939736808,4533.56133232035,4541.313115912646,85.04777832081754,0.13666095556733007,0.0
232195.2939736808,4531.84398869212,4539.594224113896,83.73011096993653,0.1352631389044107,0.0
235395.2939736808,4530.488553711682,4538.237567693395,82.5782930801119,0.13413683798050027,0.0
236343.21801599232,4530.090120701032,4537.8387757124765,81.92847913864026,0.13413683798050027,0.0
237101.55724984154,4529.772376243038,4537.520745004394,81.66448853304279,0.13413683798050027,0.0
237708.22863692092,4529.518818245554,4537.266958595859,81.45452440321888,0.13413683798050027,0.0
238193.5657465844,4529.31637801151,4537.064336008062,81.28733258191514,0.13413683798050027,0.0
238581.8354343152,4529.154684819002,4536.902497171659,81.1540746351037,0.13413683798050027,0.0
238892.4511844998,4529.025495537239,4536.7731915273225,81.04778370106493,0.13413683798050027,0.0
239140.94378464748,4528.922249639254,4536.669852636662,80.96295196117907,0.13287698009349508,0.0
239339.7378647656,4528.839720333703,4536.58724899917,80.89521477300363,0.1328089941652852,0.0
239498.7731288601,4528.773739971638,4536.521209211299,80.84110685133544,0.13275647981068464,0.0
239626.0013401357,4528.720983219528,4536.4684049439475,80.79787276870168,0.13271475706640126,0.0
239728.3976001491,4528.678541109942,4536.425924609364,80.76322634872582,0.13268128880655006,0.0
239892.23161617052,4528.61066664037,4536.357989010148,80.723096022135,0.13262786364005805,0.0
240154.3660418048,4528.502151642188,4536.249376282148,80.65897174771705,0.13254259938816032,0.0
240573.78112281967,4528.3287426333845,4536.075811103882,80.55658798409499,0.13240639852349445,0.0
241244.84525244343,4528.051836769774,4535.798655874855,80.39332210620941,0.13218824501587198,0.0
242318.54785984143,4527.6101842810895,4535.356605688901,80.13349005221863,0.1318371095450839,0.0
244036.47203167825,4526.907086366258,4534.652874725052,79.72128596841281,0.1312703785495999,0.0
246785.15070661716,4525.79108698478,4533.535870712359,79.07063185287915,0.13035878197225517,0.0
250785.15070661716,4524.186334371567,4531.9296738817475,78.10750423535046,0.12903694405406385,0.0
254785.15070661716,4522.603883967692,4530.345799809449,76.99487336645295,0.12772649212708695,0.0
257985.1507066172,4521.353563485334,4529.094354832242,76.0198514038643,0.12772649212708695,0.0
260545.15070661725,4520.363090966357,4528.102991772927,75.25761871953121,0.12590317519216343,0.0
261417.57951820633,4520.027501861462,4527.767100992717,74.81042844792724,0.12590317519216343,0.0
262115.5225674776,4519.759739856862,4527.499098306267,74.60780450001396,0.12590317519216343,0.0
262673.8770068946,4519.545981970642,4527.285148294108,74.4465091551083,0.12590317519216343,0.0
263120.56055842823,4519.375263620722,4527.114276510997,74.31798433270616,0.12590317519216343,0.0
263477.90739965515,4519.238872658456,4526.977762972937,74.2154902854212,0.12590317519216343,0.0
263763.78487263666,4519.129877173589,4526.868669536472,74.13370278665926,0.12495677489900094,0.0
263992.4868510219,4519.042755698238,4526.781469769501,74.06840534227783,0.12488518834028843,0.0
264358.4100164382,4518.903499565616,4526.642088498847,73.99310476893072,0.12477524661905492,0.0
264651.1485487713,4518.792216897552,4526.530705834067,73.90986661768002,0.12468814766086453,0.0
264885.3393746377,4518.7032688374,4526.441677849181,73.84341397015584,0.12461866868521357,0.0
265260.044696024,4518.5610959886135,4526.299377254864,73.76678467051346,0.12450787070478835,0.0
265859.57321024203,4518.333987172753,4526.072064388442,73.64452060504165,0.12433103285159541,0.0
266818.8188329909,4517.971550331113,4525.709301938592,73.44977130540693,0.12404903077978471,0.0
268353.61182938906,4517.394033897645,4525.131266751472,73.14038984695128,0.12359911772777438,0.0
270809.28062362614,4516.476038541989,4524.2124470120525,72.65098258007652,0.12288078010062625,0.0
274738.35069440544,4515.0224112159885,4522.75751482071,71.88197589512085,0.12173701082452598,0.0
278738.35069440544,4513.5612739845565,4521.295066656827,70.94919029011665,0.12058735956413182,0.0
282738.35069440544,4512.118541689328,4519.8510406233145,70.03294544699298,0.11943712326468274,0.0
284779.1327511969,4511.389401512381,4519.121246868556,69.35638431111131,0.11943712326468274,0.0
286411.7583966301,4510.8094072189615,4518.540732814359,68.9518776948932,0.11943712326468274,0.0
287717.8589129767,4510.347512400492,4518.078424151036,68.63178391700367,0.11943712326468274,0.0
288762.73932605394,4509.9793294331785,4517.709911353907,68.37792411526783,0.11943712326468274,0.0
289598.64365651575,4509.6856302821025,4517.415949130991,68.17623773132429,0.11943712326468274,0.0
290267.3671208852,4509.451210229294,4517.18131912481,68.0157772721623,0.11739199946588619,0.0
290633.6549459818,4509.323010931981,4517.053005016419,67.9058443287826,0.11739199946588619,0.0
290926.68520605913,4509.220554336643,4516.9504566683445,67.83601573094371,0.11739199946588619,0.0
291161.109414121,4509.138654757989,4516.868483748905,67.78026032545264,0.11715895802251203,0.0
291348.64878057054,4509.073177074061,4516.802947431584,67.73572460091202,0.11710884031774656,0.0
291498.68027373013,4509.020821779285,4516.7505452551895,67.70013984430473,0.11706894990909213,0.0
291738.73066278547,4508.937102851716,4516.666751363335,67.65907071442872,0.11700516916655014,0.0
292122.811285274,4508.803279182214,4516.5328078693055,67.59346924968385,0.11690308667422439,0.0
292737.3402812556,4508.589484669578,4516.3188219396,67.4887854290604,0.11673934317772933,0.0
293720.58667482616,4508.248237784434,4515.977269557389,67.32200051092205,0.11647593856987733,0.0
295293.78090453905,4507.704338987798,4515.432883923704,67.05694455993158,0.1160510216789366,0.0
297810.8916720797,4506.83941038485,4514.567181339501,66.63739961604817,0.11536583049717632,0.0
301810.8916720797,4505.47815042619,4513.2047037630655,65.98022991136433,0.11427402696786569,0.0
305810.8916720797,4504.132768387563,4511.858118905723,65.19103046043655,0.11318437107836375,0.0
309010.8916720797,4503.0676364356705,4510.792035100222,64.49697713468157,0.11318437107836375,0.0
313010.8916720797,4501.749877105234,4509.473098646802,63.818568342066456,0.111255961613815,0.0
316210.8916720797,4500.706370575017,4508.428660348984,63.1541920971578,0.111255961613815,0.0
318770.8916720797,4499.878283840682,4507.5998344225,62.632898910692596,0.111255961613815,0.0
320818.8916720797,4499.22004958799,4506.9410127301935,62.22220884416816,0.10925337298705226,0.0
322457.2916720797,4498.696140319641,4506.4166359809005,61.89762239169152,0.10883220328536967,0.0
322816.08095328347,4498.581725979599,4506.302119558869,61.723138964827335,0.10883220328536967,0.0
323103.1123782465,4498.4902757181635,4506.210587706631,61.66696437609797,0.10883220328536967,0.0
323332.73751821695,4498.417167398404,4506.137414162001,61.62210003042013,0.10883220328536967,0.0
323516.4376301933,4498.35871391071,4506.078908524945,61.58625663795166,0.10883220328536967,0.0
323663.3977197744,4498.3119723214395,4506.032125235695,61.55761263189717,0.10883220328536967,0.0
323780.9657914393,4498.274592608037,4505.994712174787,61.53471704794989,0.10850774667484582,0.0
323884.2036010972,4498.241779004295,4505.9618692973745,61.51561915863075,0.1084812272150097,0.0
324049.38409654994,4498.189296540353,4505.90934001332,61.49242028792022,0.1084389968493747,0.0
324181.5284929121,4498.147327668476,4505.867333701082,61.466742711487264,0.10840536354371462,0.0
324287.2440100019,4498.113763501782,4505.833739592156,61.44621643379185,0.10837848484558522,0.0
324390.48688244197,4498.080993761945,4505.800940619046,61.42819595398344,0.10835223843058157,0.0
324555.6754783461,4498.028581433681,4505.7484815352545,61.40506304186034,0.10831023202839732,0.0
324819.97723179276,4497.944770926707,4505.664596264699,61.368087900186666,0.10824298681954476,0.0
325242.8600373074,4497.810799902571,4505.53050573448,61.309023479550376,0.1081352795855957,0.0
325919.47252613073,4497.596767531202,4505.316282448662,61.21476481608825,0.10796267392888088,0.0
327002.05250824813,4497.255134836327,4504.97434504315,61.06457301424155,0.10769407266622608,0.0
328734.18047963595,4496.710605806523,4504.429330388838,60.82584402424066,0.10727402755996883,0.0
331505.58523385646,4495.844637623098,4503.562590047607,60.44785943518661,0.10660253339585746,0.0
335505.58523385646,4494.606052611887,4502.322900908355,59.888454149689984,0.10563744191404204,0.0
339505.58523385646,4493.380531076974,4501.096287220156,59.24056196258414,0.10467791442690894,0.0
342705.58523385646,4492.40933058734,4500.124221464711,58.669304688566314,0.10467791442690894,0.0
345265.58523385646,4491.6381662019485,4499.352370191484,58.220346895588094,0.10330849326011193,0.0
346652.2753828198,4491.222568913375,4498.936402785365,57.91668186203822,0.10330849326011193,0.0
347761.62750199053,4490.89115599578,4498.604694753571,57.72637560458596,0.10330849326011193,0.0
349536.5908926637,4490.362849335999,4498.075917709705,57.508146622928976,0.10330849326011193,0.0
350956.5616052022,4489.941922416551,4497.654616065282,57.26827219301805,0.10199728205327184,0.0
352092.538175233,4489.606272280507,4497.318667154464,57.07785148083484,0.10172985196603468,0.0
352584.1878378016,4489.461302381402,4497.173568221491,56.95724827468473,0.10172985196603468,0.0
352977.50756785646,4489.345456139306,4497.057618871763,56.89190936142969,0.10172985196603468,0.0
353292.16335190035,4489.252861968367,4496.964942291017,56.83974942311662,0.10172985196603468,0.0
353543.88797913544,4489.1788395433105,4496.890853986861,56.79809243339057,0.1014053604391326,0.0
353745.2676809235,4489.119655423334,4496.831617194763,56.764812156641625,0.1013589155542579,0.0
353906.371442354,4489.0723297514905,4496.784249405145,56.738216886732,0.10132218496561915,0.0
354035.2544514984,4489.034483046411,4496.746369018588,56.71695917520808,0.10129288135547011,0.0
354138.7948040429,4489.004087152187,4496.715946073976,56.69993305915293,0.10126936750708646,0.0
354304.4593681141,4488.955470194329,4496.667285850675,56.68022640623111,0.10123177036416173,0.0
354569.5226706281,4488.877725198886,4496.589471669345,56.64872553741261,0.10117166398589818,0.0
354993.6239546504,4488.753440889184,4496.465076761436,56.59840021754808,0.10107557913047423,0.0
355672.18600908614,4488.554861067506,4496.2663202360645,56.51807390500898,0.10092165056179968,0.0
356757.8852961833,4488.237834863488,4495.949011952494,56.390046609607396,0.10067474979032354,0.0
358495.00415553874,4487.732377906905,4495.443105313297,56.18646007430097,0.10027895011281128,0.0
361274.3943305075,4486.928172193721,4494.6381842778865,55.86390129567347,0.09964480572783026,0.0
365274.3943305075,4485.780421409486,4493.489412905614,55.386856850277475,0.09873327589095744,0.0
369274.3943305075,4484.643831232757,4492.35181243117,54.83431635570852,0.09782494953483793,0.0
373274.3943305075,4483.518176372255,4491.2251573641215,54.29303886817499,0.09692497734147842,0.0
376474.3943305075,4482.625378741652,4490.331566705388,53.815097699752826,0.09619769411595559,0.0
377111.89957593003,4482.448324920142,4490.154355644983,53.56372513074325,0.09619769411595559,0.0
377621.90377226804,4482.306874150601,4490.012779262149,53.48910835040337,0.09619769411595559,0.0
378029.9071293384,4482.1938362826595,4489.8996410170985,53.42957100669721,0.09619769411595559,0.0
378356.30981499475,4482.103484383108,4489.809208888372,53.382040693027754,0.09619769411595559,0.0
378617.43196351983,4482.031252952244,4489.736913320503,53.34407999288544,0.09619769411595559,0.0
378826.3296823399,4481.9734998223685,4489.679108910638,53.31375201884163,0.09568208221807097,0.0
378993.447857396,4481.927317786403,4489.632885869619,53.289515570835974,0.09564299212894958,0.0
379127.14239744085,4481.8903852468875,4489.595920538166,53.27014298625938,0.09561244361098832,0.0
379234.09802947677,4481.860847590449,4489.566356655929,53.254655516007,0.09558815276969321,0.0
379337.8903704571,4481.832190641726,4489.537674263632,53.241100286427155,0.09556464560065757,0.0
379441.6837493608,4481.8035404064185,4489.508998590972,53.227755489881915,0.09554118333348371,0.0
379607.75315560674,4481.757714581345,4489.463132079597,53.2104180295091,0.09550370741507264,0.0
379873.46420560026,4481.684430466301,4489.389782900898,53.18270296465837,0.09544387287547823,0.0
380298.6018855899,4481.567271016809,4489.272519437584,53.13842243678811,0.09534839135756995,0.0
380978.8221735733,4481.380058893482,4489.085141117002,53.06773590393169,0.09519613819602796,0.0
382067.1746343468,4481.081139318627,4488.785956200156,52.9550511496748,0.09495359966813563,0.0
383808.5385715844,4480.604445584522,4488.308839379026,52.77580719478916,0.09456752866113635,0.0
386594.7208711645,4479.845737141425,4487.549457700784,52.49167874531561,0.0939529489758375,0.0
390594.7208711645,4478.764984208207,4486.4677460939465,52.071762118125655,0.09309968230859733,0.0
394594.7208711645,4477.69406817236,4485.395880489971,51.58541468146699,0.09226853628705865,0.0
397794.7208711645,4476.844291128588,4484.545350230594,51.15560947805345,0.09226853628705865,0.0
400354.7208711645,4476.168852315426,4483.869312903194,50.81714541027033,0.09108066403949146,0.0
401594.1517185472,4475.843221005091,4483.5433931027665,50.59638365103535,0.09108066403949146,0.0
402585.69639645336,4475.5833612707265,4483.283303174293,50.46774543716958,0.09108066403949146,0.0
404172.1678811032,4475.168771632338,4482.868346324627,50.3199989291305,0.09108066403949146,0.0
405441.345068823,4474.838144499892,4482.537426391809,50.157339968210906,0.09005916727890562,0.0
406456.6868189989,4474.574307267784,4482.273355535846,50.02801043663148,0.08984953640905605,0.0
406984.11520848377,4474.437486718211,4482.136413843632,49.9410607874853,0.08984953640905605,0.0
407406.05792007165,4474.328144175041,4482.026974492075,49.887720976905364,0.08984953640905605,0.0
407743.612089342,4474.240742888216,4481.939495826081,49.84513590548207,0.08959573408243081,0.0
408013.6554247582,4474.170868340549,4481.86955941824,49.811123248896806,0.0895409324120488,0.0
408229.6900930912,4474.114998426802,4481.813640043957,49.783948517955615,0.08949771286443213,0.0
408575.34556242405,4474.025661430941,4481.724223962195,49.75258783383388,0.08942873686261846,0.0
409128.39431335655,4473.882862398362,4481.58129852237,49.70249892133274,0.08931862633203506,0.0
410013.27231484855,4473.654741852119,4481.352976057075,49.6225817507596,0.08914282433406949,0.0
411429.07711723575,4473.290661151892,4480.988573134245,49.49528765232326,0.08886214122252495,0.0
413694.3648010553,4472.71045067116,4480.407849253994,49.29307336613276,0.0884142867188334,0.0
417318.82509516657,4471.787982750597,4479.484565358902,48.97321196955376,0.08770056400425949,0.0
421318.82509516657,4470.778193005267,4478.473882793434,48.56548216203578,0.08691406269014258,0.0
425318.82509516657,4469.776914006184,4477.47171892161,48.14532431863613,0.08612884233033805,0.0
429318.82509516657,4468.783990853543,4476.477918708141,47.732877570801314,0.08534950163254838,0.0
432518.8250951665,4467.9955671053895,4475.6887988450035,47.36799850925322,0.08472195248014028,0.0
434006.5883935889,4467.630775448063,4475.323685199342,47.13356189184675,0.08472195248014028,0.0
435196.79903232673,4467.339742597853,4475.03239550756,47.0008250029409,0.08472195248014028,0.0
436148.967543317,4467.107425842327,4474.799873755559,46.89521645336889,0.08472195248014028,0.0
436910.7023521092,4466.921897123498,4474.614181343337,46.81109866176298,0.08472195248014028,0.0
437520.0901991429,4466.773681229215,4474.465834688069,46.74403920319696,0.08376733614033942,0.0
438007.60047676985,4466.6552406817655,4474.347289655465,46.69054116512034,0.08367326265168547,0.0
438787.6169209729,4466.465979483955,4474.157861509319,46.62889489994569,0.08352372453563586,0.0
440035.6432316978,4466.163783068617,4473.855398557818,46.53063130481912,0.08328578075313603,0.0
441034.0642802777,4465.922574222952,4473.613976995788,46.422276081324725,0.08309663835157162,0.0
442631.53795800556,4465.53764807199,4473.228711440577,46.297779791635485,0.08279445151851514,0.0
443909.5169001879,4465.23059531068,4472.921387985415,46.16066615529302,0.0825542245145472,0.0
445954.2832076796,4464.740941243376,4472.431302329626,46.00337081568496,0.08216784433209645,0.0
447590.0962536729,4464.350652342079,4472.040669495229,45.83040126096089,0.08216784433209645,0.0
450207.39712726226,4463.728817997317,4471.418287305615,45.63235674578248,0.08137483253670769,0.0
454207.39712726226,4462.784648649256,4470.473286434579,45.32788880352532,0.08064647319329925,0.0
458207.39712726226,4461.8478328238325,4469.535645913072,44.96537357009145,0.07993652655819704,0.0
461407.39712726226,4461.1035917994805,4468.790749961357,44.64426935480992,0.07993652655819704,0.0
463967.39712726226,4460.511489303977,4468.198126568994,44.39089659715508,0.07892186686822203,0.0
466015.39712726226,4460.039890474647,4467.72611294844,44.19040012067981,0.07892186686822203,0.0
467653.7971272623,4459.663933222257,4467.349825084676,44.03139000142205,0.07892186686822203,0.0
468964.5171272623,4459.364007608227,4467.049635757774,43.90505870105856,0.07805575462833368,0.0
470013.0931272623,4459.124601913825,4466.81001958704,43.804549379460525,0.07787233531695902,0.0
471690.81472726236,4458.742536155939,4466.427617975112,43.68904789529895,0.07787233531695902,0.0
474375.16928726237,4458.133729954548,4465.81827671443,43.50560905515087,0.07711735337368833,0.0
476149.5837362151,4457.732970918741,4465.417165538889,43.319666997340484,0.07711735337368833,0.0
477569.11529537727,4457.413315774851,4465.097229561773,43.18753126797528,0.07711735337368833,0.0
478704.740542707,4457.158197467208,4464.841887146475,43.08244046738718,0.07711735337368833,0.0
479613.24074057076,4456.954488747918,4464.637999497068,42.9987600166946,0.07623095732398644,0.0
480340.04089886183,4456.7917678570175,4464.475135689054,42.932065033761674,0.07610684267361777,0.0
481502.92115212756,4456.531867718644,4464.215007301339,42.855284517674434,0.0759093780783451,0.0
483363.5295573527,4456.117182187199,4463.799957635658,42.73305150323397,0.07559420623265649,0.0
484852.01628153276,4455.786450858272,4463.4689359369695,42.598468923005356,0.07534360529755649,0.0
487233.5950402209,4455.259147122609,4462.941169329732,42.44413338938655,0.07493978782813487,0.0
489138.85804717144,4454.838945555587,4462.520598977681,42.27448126872209,0.07493978782813487,0.0
490663.0684527319,4454.503826860183,4462.185186214443,42.13979764783171,0.07493978782813487,0.0
491882.4367771802,4454.236395111897,4461.9175198225375,42.03270798292689,0.07416168311644633,0.0
493833.4260962975,4453.809723066505,4461.490473469216,41.90971916805263,0.07416168311644633,0.0
495394.21755159134,4453.469458845254,4461.149910789438,41.77432492607517,0.07357210538182798,0.0
496642.85071582644,4453.197930249671,4460.878144055196,41.66667919506493,0.07357210538182798,0.0
497641.75724721455,4452.981142221159,4460.661165915735,41.580987475375075,0.07357210538182798,0.0
498440.882472325,4452.807989014605,4460.4878608753625,41.5127041230624,0.07306578710301517,0.0
499719.4828325017,4452.5314544144685,4460.211083810545,41.43411196939066,0.07285408574505008,0.0
500742.3631206431,4452.31067735696,4459.990113195558,41.34740336035098,0.07268261030580185,0.0
501560.6673511562,4452.134342966014,4459.813624222661,41.278314402457084,0.07268261030580185,0.0
502215.31073556666,4451.993458714538,4459.672616474043,41.223220107763765,0.07243924441925938,0.0
502739.025443095,4451.88086830875,4459.55992737805,41.17925735715734,0.07235235145368642,0.0
503576.9689751404,4451.700939406544,4459.3798407697395,41.1285868936043,0.07221367652723741,0.0
504917.6786264131,4451.413603638983,4459.092253178087,41.04779354356315,0.07199194016822683,0.0
507062.8140684494,4450.955267793373,4458.633515700886,40.919234133152834,0.07163854941734325,0.0
510495.0307757076,4450.225487155649,4457.9030957171935,40.715335616996114,0.0710738045163264,0.0
513240.80414151424,4449.644781860265,4457.321881806025,40.49183832815189,0.0710738045163264,0.0
515437.4228341595,4449.182193268974,4456.858888132746,40.31490982198173,0.07026479915403255,0.0
517194.7177882758,4448.813376395414,4456.489748342061,40.1745450799671,0.07026479915403255,0.0
518600.55375156883,4448.5191201906655,4456.195234533373,40.062998010707894,0.07026479915403255,0.0
519725.2225222033,4448.284222824228,4455.960131548167,39.974232286102904,0.06959039815599082,0.0
520624.95753871085,4448.096628438949,4455.77237296372,39.903519379562574,0.06945025721747082,0.0
521344.7455519169,4447.946759287576,4455.62237264167,39.84713963490194,0.06933837817944462,0.0
522496.40637304663,4447.707348889882,4455.382752718413,39.78221080517268,0.06915974289958267,0.0
524339.0636868542,4447.325261308581,4455.000330781507,39.67879550347686,0.06887496068153573,0.0
527287.3153889463,4446.716384289229,4454.390921042006,39.51452443567704,0.06842141432895443,0.0
531287.3153889463,4445.895094504758,4453.5689128717095,39.278805152817554,0.06781030188124247,0.0
535287.3153889463,4445.079254958628,4452.752359907621,39.01095671074805,0.06719980308611626,0.0
538487.3153889463,4444.430455877314,4452.102993619722,38.77309803401935,0.06719980308611626,0.0
542487.3153889463,4443.624234527703,4451.296067612871,38.53837823164715,0.06719980308611626,0.0
545687.3153889463,4442.983033385029,4450.654306183304,38.30651795312512,0.06563343703645169,0.0
547215.5682493288,4442.6779814664005,4450.348987751266,38.15580684754168,0.06563343703645169,0.0
548438.1705376348,4442.434481815113,4450.1052753829645,38.06873239908324,0.06563343703645169,0.0
550394.3341989244,4442.0458788284595,4449.7163329571595,37.968663268966644,0.06563343703645169,0.0
551959.265127956,4441.735874650062,4449.406058027952,37.85842701125793,0.06470534653677727,0.0
553211.2098711814,4441.488430291389,4449.158397578298,37.77072510940774,0.06451968249672071,0.0
554212.7656657617,4441.290830999379,4448.9606257383475,37.70087317714857,0.06437119619587363,0.0
555815.2549370901,4440.975327773577,4448.644847033918,37.6205143051209,0.0641352624460228,0.0
558379.2377712156,4440.472191217591,4448.14127123473,37.492703915297746,0.0637562662510202,0.0
560430.424038516,4440.071150185994,4447.739880148837,37.35213852087343,0.0637562662510202,0.0
563712.3220661966,4439.432174870835,4447.100347203828,37.191171940191865,0.06297406006085746,0.0
567712.3220661966,4438.657817593861,4446.325314331691,36.97371505675875,0.06239166855917134,0.0
570912.3220661966,4438.041794988121,4445.708754415475,36.76125252140472,0.06239166855917134,0.0
573472.3220661966,4437.551169248158,4445.217700831608,36.59315126960794,0.06159000014309396,0.0
575468.0935586952,4437.170018455722,4444.836217718279,36.46135226113267,0.06159000014309396,0.0
577064.710752694,4436.865937477379,4444.531871651029,36.358139914031696,0.06159000014309396,0.0
578342.0045078931,4436.62320718039,4444.28892977166,36.276019174819865,0.0609234822423347,0.0
579363.8395120524,4436.429363543315,4444.094917180123,36.210607932855936,0.06078058693682181,0.0
579983.4891081271,4436.31196207203,4443.97741338779,36.16405873704162,0.06078058693682181,0.0
580479.2087849869,4436.21812061036,4443.883490142169,36.13250430700645,0.06078058693682181,0.0
581272.3602679626,4436.068121342671,4443.733360154624,36.09611871656819,0.06051965137077007,0.0
581906.8814543431,4435.948251983371,4443.613386338347,36.05590070252839,0.0604327160462519,0.0
582414.4984034476,4435.852439558217,4443.517490423547,36.023795327185745,0.060363011790972705,0.0
583226.6855220147,4435.69929291032,4443.364210332299,35.98677606257932,0.06025173107706108,0.0
584526.1849117222,4435.454649444427,4443.119353714621,35.92771668973877,0.06007390879236871,0.0
586605.3839352542,4435.06421668035,4442.728580818731,35.83365797231253,0.05979032968589825,0.0
589932.1023729054,4434.442057456522,4442.105879698677,35.68427032554881,0.05933807248159536,0.0
593932.1023729054,4433.698068155507,4441.361242561134,35.48387762478893,0.0587968982585441,0.0
597132.1023729054,4433.106052981961,4440.768712017194,35.289195624776106,0.058359676932839104,0.0
598067.7082997912,4432.933490231646,4440.5959990668,35.17835404693364,0.058359676932839104,0.0
598816.1930412999,4432.795611399673,4440.458000231001,35.13345466632427,0.058359676932839104,0.0
599414.9808345069,4432.685417743862,4440.347710671859,35.09762323368066,0.058359676932839104,0.0
599894.0110690725,4432.597332704958,4440.259548973984,35.06901425105867,0.058359676932839104,0.0
600277.235256725,4432.5269093316,4440.189064314144,35.04616290532879,0.05793933990125733,0.0
600583.814606847,4432.470599178973,4440.132705158343,35.02790471408296,0.05789766630108883,0.0
601074.3415670423,4432.380555647933,4440.042583270247,35.006833007557795,0.05783155161010444,0.0
601466.7631351985,4432.308567475075,4439.970532454242,34.98352172476582,0.05777880133599316,0.0
601780.7003897235,4432.2510067574885,4439.912921649303,34.96489654684827,0.05773660276128013,0.0
602282.9999969635,4432.158964671629,4439.820799473826,34.943401887510916,0.05766908933545776,0.0
603086.6793685475,4432.0118380520435,4439.673544838995,34.90906981988463,0.057561075950488434,0.0
604372.5663630819,4431.77679471651,4439.438297006147,34.85428996719405,0.05738830382614167,0.0
606429.9855543369,4431.401641076645,4439.062817003933,34.767027591455964,0.05711319299440685,0.0
609721.856260345,4430.803723285478,4438.464379150447,34.628384900406004,0.056674738840224746,0.0
613721.856260345,4430.081003191761,4437.74103059181,34.44124575811014,0.056148268139044964,0.0
617721.856260345,4429.3624238533575,4437.021826548532,34.23834486572383,0.05564370896107906,0.0
621721.856260345,4428.647934508249,4436.306716209679,34.03795848823749,0.055141104885365264,0.0
625721.856260345,4427.937485358229,4435.595649729652,33.84003775959027,0.054641887678404444,0.0
628921.856260345,4427.372002128969,4435.029675243409,33.663942849842975,0.05424072222929044,0.0
630923.8602074941,4427.019509008991,4434.676875947445,33.53790282768068,0.05424072222929044,0.0
632525.4633652135,4426.738223455997,4434.395346096096,33.45119183621977,0.05424072222929044,0.0
635088.0284175645,4426.289469263382,4433.946202206597,33.35161553572997,0.05424072222929044,0.0
637138.0804594452,4425.931613159519,4433.588035384942,33.242004882178605,0.05322609934128363,0.0
638033.063115803,4425.775703445249,4433.4319903101605,33.17240837538393,0.05322609934128363,0.0
638749.0492408891,4425.651114342347,4433.307293044552,33.13447805066078,0.05322609934128363,0.0
639894.6270410271,4425.452027456981,4433.108033330655,33.09076845752581,0.05322609934128363,0.0
640811.0892811375,4425.292983897796,4432.94885171352,33.04248623709531,0.05277489983752175,0.0
641544.2590732258,4425.165893258258,4432.821650758394,33.00396838232871,0.05268520560153378,0.0
642130.7949068964,4425.064312836396,4432.719982167586,32.97322292835931,0.05261283339194453,0.0
643069.2522407694,4424.901954043976,4432.557482458952,32.937774906592374,0.05249778854918226,0.0
644570.7839749663,4424.642613578799,4432.29791692123,32.88122909679147,0.052313593060522606,0.0
646973.2347496812,4424.228773565722,4431.883717794752,32.79119124333141,0.052020788247821366,0.0
650817.1559892251,4423.569436194261,4431.223808390887,32.64823591217977,0.05155041282707007,0.0
653057.2960985601,4423.18677096564,4430.840811232321,32.51016299981277,0.05155041282707007,0.0
654849.408186028,4422.8814700219455,4430.53524550085,32.4193655108353,0.05155041282707007,0.0
657716.7875259767,4422.394515045535,4430.047868253737,32.315156682741815,0.05155041282707007,0.0
660010.6909979356,4422.006294658661,4429.659311274457,32.200514169773776,0.05045604914396026,0.0
661476.4836310843,4421.758845184867,4429.411647286391,32.117547086865756,0.05045604914396026,0.0
662649.1177376033,4421.561232784106,4429.21386359094,32.059605359028474,0.05045604914396026,0.0
663587.2250228184,4421.403364285075,4429.05585825824,32.0134145237014,0.05004786954686631,0.0
664337.7108509906,4421.277210802628,4428.9295954378695,31.976565470400534,0.04996063546827458,0.0
