# {"source": "PROTEUS coupled run, config tools/verification/data/coupled_config.toml with interior_energetics.aragog.core_bc = \"core_module\", planet.mass_tot = 3.0", "commits": {"PROTEUS": "93c88c3b", "aragog": "7fbd803"}, "columns": ["Time", "step_dE_core_J", "step_dE_F_cmb_J", "step_dE_impact_core_J", "E_core_residual_frac"]}
0,0,0,0,0
0,0,0,0,0
0,0,0,0,0
1,0,0,0,0
2,-1.3204531067034601e+25,1.3203079626636184e+25,0,-0.0001099319582598
12,-8.3613376672080754e+26,8.3611840604274612e+26,0,-1.9794764107003359e-05
22,-2.4882739615427389e+27,2.4882540591032417e+27,0,-1.100036762148276e-05
122.00022,-2.1523799411803814e+29,2.1523788319070118e+29,0,-6.7547333908169134e-07
222.00144000220001,-4.4298230408040674e+29,4.4298230555956697e+29,0,-2.2093722214596739e-07
322.00366001660007,-3.9134899162944725e+29,3.9134899490081037e+29,0,-1.3571132521070657e-07
422.00688005320029,-3.4592222359698105e+29,3.4592222987302959e+29,0,-9.7664063399083726e-08
522.01110012200081,-3.066755098533696e+29,3.0667555080430892e+29,0,-5.6091544481605137e-08
622.01632023300203,-2.7290756753709699e+29,2.729076124475689e+29,0,-2.5653861756072198e-08
722.02254039620436,-2.4387565763393819e+29,2.438756532699335e+29,0,-2.4802330444982613e-08
822.02976062160838,-2.1888839101797486e+29,2.1888835675476535e+29,0,-3.661395985763184e-08
922.03798091921442,-1.9733344743277068e+29,1.9733337871215763e+29,0,-5.9920851755052633e-08
1022.0472012990238,-1.7868266580358305e+29,1.7868253557222532e+29,0,-1.0234768838850085e-07
1122.0574217710368,-1.624871609169223e+29,1.6248710387603864e+29,0,-1.1590978743875749e-07
1222.0686423452546,-1.4836945363778176e+29,1.483693709784215e+29,0,-1.3683717936685141e-07
1322.0808630316781,-1.360129191372279e+29,1.360128794853122e+29,0,-1.432832274461267e-07
1422.0940838403085,-1.2515336780697996e+29,1.2515330792906942e+29,0,-1.5565941010125382e-07
1522.1083047811469,-1.1556997129148952e+29,1.1556991586076021e+29,0,-1.6634228738790187e-07
1682.1310582864885,-1.6764306598924113e+29,1.6764289378990492e+29,0,-2.056387015143759e-07
1810.1492610907617,-1.2093135368182472e+29,1.2093129161600324e+29,0,-2.1544469912198249e-07
1912.5638233341799,-8.9448016328718281e+28,8.9447976752988687e+28,0,-2.2067407006732927e-07
2012.5829489724135,-8.1789741804794897e+28,8.1789713180273983e+28,0,-2.233415929631655e-07
2172.6135499935872,-1.2074662652390143e+29,1.2074656057996386e+29,0,-2.328820911604454e-07
2428.6625116274649,-1.7124285262366024e+29,1.7124278193765267e+29,0,-2.4011949487786555e-07
2633.501680934567,-1.2090457156906856e+29,1.2090453107594805e+29,0,-2.4273779544232072e-07
2797.3730163802488,-8.8136451449867356e+28,8.8136442519262791e+28,0,-2.3994682306175219e-07
2928.4700847367944,-6.5717057941212856e+28,6.5717061398490346e+28,0,-2.3570395869616106e-07
3028.4993694376417,-4.7560059623324401e+28,4.7560056784835518e+28,0,-2.3387565986258871e-07
3128.529654431336,-4.5504027979807829e+28,4.5504022357080108e+28,0,-2.3279021161747673e-07
3228.5609397278804,-4.3593603118221023e+28,4.3593602264121341e+28,0,-2.3079919596837671e-07
3328.5932253372771,-4.1815031606648665e+28,4.1815040256928035e+28,0,-2.269134487129359e-07
3428.6265112695305,-4.0156165980481513e+28,4.015616631844046e+28,0,-2.2492397771165067e-07
3528.6607975346437,-3.8606184701313753e+28,3.8606184786454136e+28,0,-2.230928296683165e-07
3628.6960841426189,-3.7155502893950062e+28,3.7155496933811703e+28,0,-2.2261021161389865e-07
3728.732371103461,-3.5795551563774971e+28,3.579554108268074e+28,0,-2.2312705327616921e-07
3828.7696584271712,-3.4518677120454334e+28,3.451866619152615e+28,0,-2.2378613167227966e-07
3928.8079461237562,-3.3318028068026278e+28,3.3318018449861612e+28,0,-2.2422473856363339e-07
4028.8472342032169,-3.2187449611446542e+28,3.2187440631045258e+28,0,-2.2458010721975651e-07
4128.887522675559,-3.1121400894631647e+28,3.1121392095985761e+28,0,-2.249425181754039e-07
4228.9288115507861,-3.0114882536757303e+28,3.0114874067748099e+28,0,-2.2527995881258713e-07
4328.9711008389013,-2.9163374620051408e+28,2.9163367460315806e+28,0,-2.2539670837277305e-07
4429.0143905499099,-2.8262787285225075e+28,2.8262780375193903e+28,0,-2.2550294272318334e-07
4529.0586806938154,-2.7409405520944079e+28,2.7409398323274983e+28,0,-2.2570201155176849e-07
4629.1039712806223,-2.6599850682326445e+28,2.6599844474113598e+28,0,-2.257418567884938e-07
4729.1502623203351,-2.5831050638300895e+28,2.583104377564183e+28,0,-2.2594175987324234e-07
4829.1975538229581,-2.5100195992592249e+28,2.5100189136780713e+28,0,-2.2617022559207769e-07
4929.2458457984967,-2.4404723226252627e+28,2.4404716818183416e+28,0,-2.263407675580481e-07
5029.2951382569545,-2.3742284596610343e+28,2.3742279037517179e+28,0,-2.2637616536845314e-07
5129.3454312083368,-2.3110727526077839e+28,2.3110722661358787e+28,0,-2.2630634634928441e-07
5229.3967246626489,-2.250807652874701e+28,2.2508071691782763e+28,0,-2.262577085440429e-07
5329.4490186298954,-2.1932511622312335e+28,2.1932507530658672e+28,0,-2.2609344350017579e-07
5429.5023131200815,-2.138235967019783e+28,2.1382356212947393e+28,0,-2.2583468765549017e-07
5529.5566081432125,-2.0856076154975946e+28,2.085607313077819e+28,0,-2.2551917250995779e-07
5629.611903709294,-2.0352233214591187e+28,2.0352231515062966e+28,0,-2.2498028572077458e-07
5729.6681998283311,-1.9869512946552299e+28,1.9869512537940362e+28,0,-2.2422579962994915e-07
5829.7254965103293,-1.9406694760941816e+28,1.940669463159781e+28,0,-2.2344431624755499e-07
5929.7837937652948,-1.8962645549724591e+28,1.8962644999083279e+28,0,-2.2276437006070271e-07
6029.8430916032321,-1.8536312515855283e+28,1.8536312067510092e+28,0,-2.2208776435261959e-07
6129.9033900341483,-1.8126719198527415e+28,1.8126718777195729e+28,0,-2.2142741971263989e-07
6229.9646890680488,-1.7732956500886011e+28,1.7732955986926978e+28,0,-2.208042361330355e-07
6330.0269887149398,-1.7354177008934849e+28,1.7354176820660041e+28,0,-2.2014097153781906e-07
6430.0902889848267,-1.6989591285893604e+28,1.6989591756759193e+28,0,-2.1937678889675367e-07
6530.1545898877166,-1.6638462710018844e+28,1.6638463774312765e+28,0,-2.1852382474210889e-07
6630.2198914336159,-1.6300102515879624e+28,1.6300104351642571e+28,0,-2.17550097434275e-07
6730.2861936325298,-1.5973866816027975e+28,1.5973869174889569e+28,0,-2.1650069561737258e-07
6830.3534964944665,-1.5659153857000695e+28,1.5659155093601902e+28,0,-2.1567077232844541e-07
6930.4218000294313,-1.5355397357964063e+28,1.5355397018745509e+28,0,-2.1513905411170961e-07
7030.4911042474314,-1.5062065053123823e+28,1.5062064693998301e+28,0,-2.146250308822484e-07
7130.5614091584739,-1.4778660676263388e+28,1.4778660315267328e+28,0,-2.141248924155455e-07
7230.6327147725651,-1.4504717293533881e+28,1.4504716257123175e+28,0,-2.1375763041531085e-07
7330.705021099714,-1.4239793749429484e+28,1.4239792488600998e+28,0,-2.1344198946024737e-07
7430.7783281499251,-1.3983475586944895e+28,1.398347533429267e+28,0,-2.1295955134988039e-07
7530.8526359332063,-1.3735375137809464e+28,1.3735374915359441e+28,0,-2.12483456019891e-07
7630.927944459565,-1.3495124407907645e+28,1.3495123819892892e+28,0,-2.1208285577614834e-07
7731.00425373901,-1.3262375832901966e+28,1.3262375345736645e+28,0,-2.1167510746002927e-07
7831.0815637815476,-1.3036802252031082e+28,1.3036802133446435e+28,0,-2.1121311061587017e-07
7931.1598745971851,-1.2818095320915164e+28,1.2818094910978823e+28,0,-2.1081211465408251e-07
8031.2391861959322,-1.2605961355390969e+28,1.2605961345773093e+28,0,-2.1035096355991631e-07
8131.3194985877935,-1.2400125299714538e+28,1.2400124907735819e+28,0,-2.0996578908892506e-07
8231.4008117827798,-1.2200324223174181e+28,1.2200323859657605e+28,0,-2.0958459706976439e-07
8331.4831257908972,-1.2006310583029466e+28,1.2006310254423501e+28,0,-2.0920599725922643e-07
8431.5664406221549,-1.1817849244794615e+28,1.1817848980738968e+28,0,-2.0882461637159963e-07
8531.6507562865609,-1.1634717309786651e+28,1.1634717054452783e+28,0,-2.0844986517671757e-07
8631.7360727941232,-1.145670292585084e+28,1.145670281313839e+28,0,-2.0805845230333041e-07
8731.8223901548517,-1.1283604413221015e+28,1.1283605398738286e+28,0,-2.0748620277682834e-07
8831.9097083787528,-1.1115234346690362e+28,1.111523395956754e+28,0,-2.0715734666185057e-07
8931.9980274758364,-1.0951408197479118e+28,1.095140697043723e+28,0,-2.0697919225992566e-07
9032.0873474561104,-1.0791953661810692e+28,1.0791951716644464e+28,0,-2.0692993205800726e-07
9192.2302594245484,-1.6945683498981638e+28,1.6945681055369789e+28,0,-2.0674898716526701e-07
9320.3445889992981,-1.3281235392292809e+28,1.3281233592516414e+28,0,-2.0658829696536971e-07
9422.8360526591005,-1.0454655761070042e+28,1.0454653550737368e+28,0,-2.0659686288090247e-07
9522.9302810196259,-1.0068058972289776e+28,1.0068057288923323e+28,0,-2.0652972617241697e-07
9683.0810463964699,-1.5825671593941361e+28,1.5825668815066692e+28,0,-2.0644708142397874e-07
9811.2016586979444,-1.2417527246018546e+28,1.2417525426346707e+28,0,-2.06321774104491e-07
9913.6981485391243,-9.7834101338938159e+27,9.7834079968028398e+27,0,-2.0634171267321159e-07
10013.79728552061,-9.4287802734448922e+27,9.4287782267274442e+27,0,-2.063586991850309e-07
10173.955904690987,-1.4834866699896404e+28,1.4834863347462768e+28,0,-2.0640746009552864e-07
10430.20969536359,-2.3118302840022386e+28,2.3118298788002287e+28,0,-2.0628737227249309e-07
10635.212727901671,-1.7973096941253851e+28,1.7973093646060326e+28,0,-2.0621876751210678e-07
10799.21515393214,-1.4060165293122401e+28,1.4060161364704497e+28,0,-2.0638952687828906e-07
10930.417094756514,-1.1051861956306228e+28,1.1051859410960357e+28,0,-2.0643331811033009e-07
11140.340200075512,-1.7333246298073537e+28,1.733324164405452e+28,0,-2.0661102559294999e-07
11308.278684330711,-1.3567817453845193e+28,1.3567814375773531e+28,0,-2.0665631667169689e-07
11576.980259139027,-2.1180741453969992e+28,2.1180735540635401e+28,0,-2.0690861389530233e-07
11791.941518985685,-1.6497526556372752e+28,1.6497523044488527e+28,0,-2.0692473164793985e-07
12135.879534740328,-2.5614456891822624e+28,2.5614449236213713e+28,0,-2.0730890350736737e-07
12411.029947344045,-1.9836045954870565e+28,1.9836041833399422e+28,0,-2.0731041274975077e-07
12851.27060750999,-3.0605321229211765e+28,3.0605312972151799e+28,0,-2.076197693041206e-07
13203.463135642747,-2.3545343339709441e+28,2.3545339355521411e+28,0,-2.0747403259046919e-07
13485.217158148953,-1.8273331124158264e+28,1.8273326093041127e+28,0,-2.0767326620683845e-07
13936.023594158882,-2.8260645418611561e+28,2.8260642302601558e+28,0,-2.0723289600562536e-07
14292.604412616083,-2.1553516394239072e+28,2.1553514464587035e+28,0,-2.0682847585571441e-07
14577.869067381844,-1.6763930025324281e+28,1.6763926144162555e+28,0,-2.0689428143686469e-07
14806.080791194452,-1.3118780124090373e+28,1.3118776925544331e+28,0,-2.0697112608044329e-07
14988.650170244538,-1.0314703147600816e+28,1.0314701290040018e+28,0,-2.0692720497109986e-07
15134.705673484608,-8.1396680927970318e+27,8.1396670163637056e+27,0,-2.0683104160710697e-07
15251.550076076664,-6.4416251726580802e+27,6.4416242149425495e+27,0,-2.0677184077862137e-07
15351.702591577425,-5.4727117797898402e+27,5.4727115507381639e+27,0,-2.0662933186639858e-07
15451.856108603337,-5.4285367257131525e+27,5.42853689800369e+27,0,-2.0642519210462049e-07
15552.010627164422,-5.3850239428681827e+27,5.3850236482376659e+27,0,-2.0629641529838401e-07
15652.166147270696,-5.3421571152539127e+27,5.3421567886622224e+27,0,-2.0617428251029571e-07
15752.322668932164,-5.2999235760190091e+27,5.2999226556481247e+27,0,-2.0614716313467457e-07
15852.480192158857,-5.2583082102454527e+27,5.2583070503374093e+27,0,-2.06159100690745e-07
16012.73222932156,-8.3281313088527826e+27,8.3281290318326065e+27,0,-2.0624705153061421e-07
16269.135488781891,-1.3112349753046311e+28,1.3112345675716389e+28,0,-2.0646219815670709e-07
16679.380703918418,-2.0456216703304166e+28,2.0456209806932491e+28,0,-2.068797203498605e-07
17335.77304813686,-3.1468688723264258e+28,3.1468678781626038e+28,0,-2.0741309625006626e-07
18386.000798886369,-4.7406941485167074e+28,4.7406927848073299e+28,0,-2.0800010513262714e-07
19226.182999485976,-3.5583807182055477e+28,3.5583796854824915e+28,0,-2.0844909734071601e-07
19898.328759965661,-2.7117055272281577e+28,2.7117046029700913e+28,0,-2.0899774359869114e-07
20436.045368349409,-2.0895458445020563e+28,2.0895453870754972e+28,0,-2.090293022474035e-07
21296.39194176341,-3.2064758639093497e+28,3.2064751993090431e+28,0,-2.0902074162200786e-07
21984.669200494605,-2.4525098805956644e+28,2.4525097063184873e+28,0,-2.0850971625861732e-07
22535.291007479565,-1.8948443692737052e+28,1.8948439035138119e+28,0,-2.0861614310412331e-07
23416.2858986555,-2.9157966063863315e+28,2.9157957068294813e+28,0,-2.0905289760752621e-07
24121.081811596247,-2.2365031579040964e+28,2.2365025600254373e+28,0,-2.0924767084607211e-07
24684.918541948839,-1.7315525899186435e+28,1.7315524109082239e+28,0,-2.0897442653993905e-07
25135.987926230919,-1.350162993359915e+28,1.3501629885221386e+28,0,-2.0856189871268493e-07
25298.993703119355,-4.8050256797647774e+27,4.805025441812179e+27,0,-2.0844829893319625e-07
25429.398324630103,-3.816272039593581e+27,3.8162718240816609e+27,0,-2.0836213134492425e-07
25533.722021838701,-3.0354561301300888e+27,3.0354556489917027e+27,0,-2.0833965769082429e-07
25633.977359058921,-2.9025089521882205e+27,2.9025083585116076e+27,0,-2.0833802027243305e-07
25734.233698832511,-2.8883758455132822e+27,2.8883753168180049e+27,0,-2.0832717957027851e-07
25834.491041169498,-2.8743600661744833e+27,2.8743593382435479e+27,0,-2.0834633007389951e-07
25994.902788908676,-4.5700520857537197e+27,4.5700506416181102e+27,0,-2.0841924715499401e-07
26251.561585291362,-7.2390787308554705e+27,7.2390761761182967e+27,0,-2.0857410567462319e-07
26662.215659503658,-1.1399782238774172e+28,1.1399778049243926e+28,0,-2.0884189888219859e-07
27319.262178243331,-1.778809354890451e+28,1.778808713864591e+28,0,-2.0923923520862608e-07
28370.536608226812,-2.7367201393322226e+28,2.7367191943819288e+28,0,-2.0978588684812298e-07
30052.575696200383,-4.1217095007590892e+28,4.1217081335151891e+28,0,-2.105193311480884e-07
31398.206966579241,-3.0911653994454881e+28,3.09116465993279e+28,0,-2.106482892607847e-07
33551.21699918541,-4.6078912202530099e+28,4.607890531039365e+28,0,-2.1024213464382349e-07
35175.094702067639,-3.2297974499147759e+28,3.229797749746875e+28,0,-2.0883600229387121e-07
36474.196864373422,-2.4473804685390889e+28,2.4473806565111578e+28,0,-2.0783531359879057e-07
37513.478594218046,-1.8773821784976259e+28,1.8773817692105683e+28,0,-2.0786258220701353e-07
38344.903978093746,-1.4535174297802383e+28,1.4535170474032783e+28,0,-2.0797690407466297e-07
39010.044285194308,-1.1333324435762103e+28,1.1333323038945911e+28,0,-2.078403213936793e-07
39542.156530874759,-8.8851320539227095e+27,8.8851314317297908e+27,0,-2.076663737347807e-07
39967.846327419124,-6.9954136172434228e+27,6.9954150587195166e+27,0,-2.0725564337945275e-07
40308.398164654616,-5.5259274446603715e+27,5.5259279205928659e+27,0,-2.0702574844398971e-07
40580.839634443008,-4.3765362427071948e+27,4.3765365297828067e+27,0,-2.0685666217284891e-07
40798.792810273721,-3.4733635989147024e+27,3.4733636547141715e+27,0,-2.0674698687418691e-07
40919.541827242203,-1.9137457966766228e+27,1.9137458132644061e+27,0,-2.0668860900678517e-07
41019.951022660483,-1.585700687890516e+27,1.5857007111699952e+27,0,-2.0663891201237393e-07
41120.361222170701,-1.5805885043525136e+27,1.5805885476933081e+27,0,-2.0658654723951881e-07
41281.01754138706,-2.5183444429230649e+27,2.5183444447593856e+27,0,-2.0651267409847237e-07
41538.067652133235,-4.0024728248004952e+27,4.002472807601799e+27,0,-2.0639821864907297e-07
41743.707740730177,-3.1784234855797656e+27,3.1784234925394318e+27,0,-2.0630450583579014e-07
41908.219811607727,-2.5278309757334936e+27,2.527830983093387e+27,0,-2.0622977737642001e-07
42039.82946830977,-2.0128082011670475e+27,2.0128082010331679e+27,0,-2.0617115908305393e-07
42145.117193671402,-1.604237077591989e+27,1.6042370781805884e+27,0,-2.061243651297588e-07
42245.538644843342,-1.5251434638384392e+27,1.5251434683958978e+27,0,-2.060793334218891e-07
42345.96110022979,-1.5203539150252218e+27,1.5203539186168664e+27,0,-2.0603459675174309e-07
42446.384559840793,-1.5155895149428277e+27,1.5155895199915357e+27,0,-2.0598981214940209e-07
42546.809023686394,-1.5108500901936638e+27,1.5108500873513641e+27,0,-2.0594629790880627e-07
42647.234491776631,-1.5061354394938486e+27,1.506135436178934e+27,0,-2.0590300584513933e-07
42807.915240721013,-2.4000402957861907e+27,2.4000404354037039e+27,0,-2.0581362242019369e-07
42936.459839876516,-1.9114274626546191e+27,1.9114274638560849e+27,0,-2.057579873365671e-07
43039.295519200918,-1.523672101757337e+27,1.5236721071472574e+27,0,-2.0571303518731769e-07
43139.725912156107,-1.4833679717514693e+27,1.4833679787872395e+27,0,-2.056690386117419e-07
43240.157309415226,-1.4787959786677249e+27,1.478795986533931e+27,0,-2.0562507588179504e-07
43340.589710988323,-1.4742475454808839e+27,1.4742475545574299e+27,0,-2.0558109269083833e-07
43441.02311688543,-1.4697225021620461e+27,1.4697225120502821e+27,0,-2.0553714443736937e-07
43601.7165663208,-2.342171461187222e+27,2.3421714551545788e+27,0,-2.0547021351242413e-07
43730.271325869093,-1.8654761197366279e+27,1.8654761233800441e+27,0,-2.054157472373763e-07
43935.95894114636,-2.9696161547929896e+27,2.9696161344125119e+27,0,-2.0533278600832649e-07
44100.509033368173,-2.3623845616924801e+27,2.3623845550036347e+27,0,-2.0526549868746651e-07
44363.789180923071,-3.7554715258744647e+27,3.7554714881637678e+27,0,-2.0516243091632111e-07
44574.413298966989,-2.9830352201695432e+27,2.9830351987982455e+27,0,-2.050794338550185e-07
44911.411887837254,-4.7339291339543984e+27,4.73392906981395e+27,0,-2.0495210884377321e-07
45181.010758933466,-3.7531136467979762e+27,3.753113605955254e+27,0,-2.0484987960509691e-07
45612.368952687408,-5.9431352981242173e+27,5.9431351349856111e+27,0,-2.047020257799507e-07
45957.45550769056,-4.7006357210363229e+27,4.7006356546515865e+27,0,-2.0457647769711945e-07
46509.593995695606,-7.4235452088941025e+27,7.4235446779804204e+27,0,-2.0443819080051945e-07
46951.304786099645,-5.8543071286189986e+27,5.8543070331046929e+27,0,-2.04284131760345e-07
47658.042050746109,-9.2147981121217575e+27,9.214796350746936e+27,0,-2.0426721887432055e-07
48223.43186246328,-7.2406588347905265e+27,7.2406587215437635e+27,0,-2.0407660572583339e-07
49128.055561210749,-1.1350617648048422e+28,1.1350617352998704e+28,0,-2.0379494616701014e-07
49851.754520208728,-8.87964242279021e+27,8.8796423246518945e+27,0,-2.0355675771537247e-07
50430.713687407107,-6.9794141809445789e+27,6.9794140475102909e+27,0,-2.0337778132108174e-07
50893.881021165813,-5.5060616758456358e+27,5.5060616108908594e+27,0,-2.032312312652774e-07
51264.414888172774,-4.3562993641146384e+27,4.3562992957838248e+27,0,-2.0311779420230874e-07
51857.269075383912,-6.8821799338108126e+27,6.8821798201467794e+27,0,-2.0293965567713305e-07
52805.835774921732,-1.0792632966475855e+28,1.0792632091827719e+28,0,-2.0275743773860909e-07
53564.689134551983,-8.4464754818844674e+27,8.446475343681073e+27,0,-2.0253963262642417e-07
54171.771822256182,-6.640984234639999e+27,6.6409841106535153e+27,0,-2.0237086010228754e-07
54657.437972419531,-5.2403296815018796e+27,5.2403296184743722e+27,0,-2.022330943763067e-07
55045.970892550213,-4.1468355163003531e+27,4.146835489840592e+27,0,-2.0212098508588537e-07
55667.623564759306,-6.5526551283659604e+27,6.5526549965995975e+27,0,-2.0195650211737458e-07
56662.267840293855,-1.0279264409556911e+28,1.027926401388859e+28,0,-2.0172509654252338e-07
58253.69868114913,-1.5944072307423577e+28,1.5944070205830347e+28,0,-2.0157191601176159e-07
59526.843353833341,-1.2331758924629112e+28,1.233175866107336e+28,0,-2.012670707189034e-07
61563.874830128079,-1.8995461322647604e+28,1.8995460377282124e+28,0,-2.0087331233563619e-07
63193.50001116388,-1.4583671920807618e+28,1.4583672568685039e+28,0,-2.0038481141736721e-07
65800.900300821158,-2.2283891336916716e+28,2.2283889773125731e+28,0,-1.9998979374684589e-07
69800.900300821158,-3.1902241418167621e+28,3.190223409401339e+28,0,-2.0011775830920394e-07
73000.900300821158,-2.3737860042046941e+28,2.3737859433895818e+28,0,-1.9955807790211911e-07
75560.900300821158,-1.7962474250588629e+28,1.7962472852683096e+28,0,-1.9926334130500618e-07
79560.900300821158,-2.6411271813291832e+28,2.6411268440634854e+28,0,-1.9900947481311675e-07
82760.900300821158,-1.9808879107614638e+28,1.9808879050196747e+28,0,-1.9848909681037199e-07
82931.944862328033,-1.0280458705811441e+27,1.0280458696638086e+27,0,-1.984618892308675e-07
83068.780511533536,-8.2026189190903315e+26,8.2026189179895664e+26,0,-1.9844010281847851e-07
83178.249030897932,-6.5482301459696003e+26,6.5482301473024668e+26,0,-1.9842268433418562e-07
83279.080813388238,-6.0207252001072753e+26,6.0207252261603098e+26,0,-1.9840633928597306e-07
83379.913604196379,-6.0103923408118439e+26,6.0103923442871232e+26,0,-1.9839032660830506e-07
83480.747403332425,-6.0000881129708995e+26,6.0000881470455056e+26,0,-1.9837393421779321e-07
83581.58221080646,-5.9898124428154803e+26,5.9898125237333032e+26,0,-1.9835694467192809e-07
83682.418026628569,-5.979565247659497e+26,5.979565363611696e+26,0,-1.9833951609999068e-07
83783.254850808837,-5.9693464000510802e+26,5.9693465565491655e+26,0,-1.9832157475607297e-07
83884.092683357347,-5.9591558571159615e+26,5.9591559929716403e+26,0,-1.9830393959100495e-07
83984.931524284184,-5.9489934645608177e+26,5.9489935638246092e+26,0,-1.9828682389167267e-07
84085.771373599433,-5.938859084395356e+26,5.9388591608010451e+26,0,-1.982700436765563e-07
84186.612231313164,-5.928752579169716e+26,5.9287526760560941e+26,0,-1.9825301890066999e-07
84347.95760365513,-9.4649291556963222e+26,9.4649292953838127e+26,0,-1.9822604587008966e-07
84477.033901528703,-7.5533342300582515e+26,7.5533344217809654e+26,0,-1.9820345189194249e-07
84580.294939827567,-6.0308002402135427e+26,6.0308004971446965e+26,0,-1.981840263173454e-07
84681.140742776959,-5.8795917213155683e+26,5.8795920308142803e+26,0,-1.9816430155441518e-07
84842.494027495981,-9.3865532352100963e+26,9.3865535437322646e+26,0,-1.9813529997271386e-07
85100.659283046421,-1.4965504602023293e+27,1.4965504858447316e+27,0,-1.9809222459705017e-07
85513.723691927124,-2.3810196304048996e+27,2.3810196224326619e+27,0,-1.980302457211815e-07
86174.626746136244,-3.7755828161780851e+27,3.775582503917973e+27,0,-1.9797207487821739e-07
87232.071632870837,-5.9554163550448333e+27,5.9554155966686035e+27,0,-1.9791592456885261e-07
88923.983451646185,-9.3162611531067279e+27,9.3162604765763998e+27,0,-1.9776029321157202e-07
91631.042361686763,-1.4387505754740641e+28,1.4387506162626995e+28,0,-1.9732739474053359e-07
95631.042361686763,-2.0171557893317135e+28,2.017155152436586e+28,0,-1.9764438838845706e-07
99631.042361686763,-1.8984024687576656e+28,1.8984022494984937e+28,0,-1.9743794223985591e-07
102831.04236168676,-1.440570807769897e+28,1.4405707671672618e+28,0,-1.9711578620472309e-07
105391.04236168676,-1.1060976025962112e+28,1.1060975574038677e+28,0,-1.968877530208533e-07
109391.04236168672,-1.651609916562571e+28,1.6516098655207671e+28,0,-1.9652685169697618e-07
112591.04236168672,-1.258597616020238e+28,1.2585975928642471e+28,0,-1.9623219405764914e-07
112962.75171836336,-1.4277667789723502e+27,1.4277667778535564e+27,0,-1.961955245156188e-07
113260.11920370464,-1.1372248309985116e+27,1.137224829948528e+27,0,-1.9616634771956979e-07
113498.01319197766,-9.0660726267124194e+26,9.0660726604965359e+26,0,-1.9614254013484318e-07
113688.3283825961,-7.23265553136147e+26,7.2326555957016263e+26,0,-1.9612306006082379e-07
113840.58053509083,-5.7732466189521369e+26,5.773246793881117e+26,0,-1.9610589025111366e-07
113962.38225708666,-4.6103820053886664e+26,4.6103821744397859e+26,0,-1.9609179513141153e-07
114063.52188090923,-3.8227549307337908e+26,3.8227550437632123e+26,0,-1.9608046574248802e-07
114164.66251612804,-3.817782350110304e+26,3.8177824143659229e+26,0,-1.9606979082832873e-07
114265.80416275322,-3.8128200708404608e+26,3.8128201176864607e+26,0,-1.9605935838514516e-07
114366.94682079484,-3.8078680856284299e+26,3.807868123630106e+26,0,-1.960490558735081e-07
114468.09049026306,-3.8029263652008137e+26,3.8029264021961838e+26,0,-1.9603878032635779e-07
114569.23517116798,-3.7979948518214649e+26,3.7979949234880135e+26,0,-1.96028063262227e-07
114670.38086351968,-3.7930735121637464e+26,3.7930736577262539e+26,0,-1.9601638971902071e-07
114771.52756732832,-3.7881623121804449e+26,3.7881625752534239e+26,0,-1.9600318720509897e-07
114872.675282604,-3.7832613461769366e+26,3.7832616463947699e+26,0,-1.9598951097133945e-07
114973.82400935685,-3.7783705457885793e+26,3.77837084170888e+26,0,-1.959759050942977e-07
115135.66197216138,-6.0351670130983303e+26,6.0351672836457104e+26,0,-1.9595682848841576e-07
115394.60271264864,-9.6301820812172498e+26,9.6301822761671087e+26,0,-1.9592950201255237e-07
115808.90789742825,-1.5341892798116674e+27,1.5341892842973222e+27,0,-1.9588946913509881e-07
116471.7961930756,-2.4378586799294812e+27,2.4378586524535677e+27,0,-1.9583042850625621e-07
117532.41746611139,-3.8580724180586808e+27,3.8580723328313674e+27,0,-1.957425432437811e-07
119229.41150296869,-6.0665822565641878e+27,6.0665819929245079e+27,0,-1.956215107798824e-07
121944.60196194034,-9.4440106588043656e+27,9.4440099621389559e+27,0,-1.9547093375336064e-07
125944.60196194034,-1.3355548323181498e+28,1.3355547047994443e+28,0,-1.9529650088399841e-07
129944.60196194034,-1.273533530503365e+28,1.2735333459765269e+28,0,-1.9521279619239098e-07
133144.60196194035,-9.7717458951753196e+27,9.7717455627016555e+27,0,-1.9500766202439506e-07
137144.60196194035,-1.1728100484959949e+28,1.1728100186838052e+28,0,-1.9474902456826615e-07
138520.34585762385,-3.9149569929316638e+27,3.9149569797112943e+27,0,-1.9465164838194191e-07
139620.94097417063,-3.0898246828633378e+27,3.0898246506706654e+27,0,-1.9457769240499891e-07
140501.41706740807,-2.4454048166913529e+27,2.4454048010917796e+27,0,-1.9451791985572593e-07
141205.79794199803,-1.939650233859152e+27,1.9396502131426009e+27,0,-1.944716196913846e-07
141769.30264166999,-1.5411783970411717e+27,1.5411783917457554e+27,0,-1.9443339835999418e-07
142220.10640140757,-1.2262611889441368e+27,1.2262611929936156e+27,0,-1.9440192541588819e-07
142580.74940919763,-9.7676576855910047e+26,9.767657702764428e+26,0,-1.9437705887370693e-07
142869.26381542967,-7.7871370235894336e+26,7.7871370440630851e+26,0,-1.9435715085117281e-07
143100.07534041532,-6.2125215451451505e+26,6.2125215800257207e+26,0,-1.9434103059928561e-07
143284.72456040385,-4.9590601351101246e+26,4.9590601483903518e+26,0,-1.9432835364567561e-07
143432.44393639467,-3.9602574961769295e+26,3.9602575964894999e+26,0,-1.943170672343037e-07
143550.61943718733,-3.1637432605812769e+26,3.1637433777170994e+26,0,-1.943075716417025e-07
143739.70023845558,-5.0537591834706982e+26,5.0537592691014994e+26,0,-1.94293721530755e-07
144042.22952048478,-8.065017039997994e+26,8.0650170789389094e+26,0,-1.9427289014794585e-07
144526.27637173148,-1.2850563589254465e+27,1.285056367166204e+27,0,-1.9423944297126765e-07
145300.75133372622,-2.0425213539555497e+27,2.0425213315025764e+27,0,-1.9419091315698241e-07
145920.33130332202,-1.6221170489308128e+27,1.6221170353269174e+27,0,-1.9415184231245866e-07
146911.65925467529,-2.5736721014092859e+27,2.5736720533364457e+27,0,-1.9409331836639779e-07
148497.78397684052,-4.063245958084035e+27,4.0632458840863527e+27,0,-1.9400075583181534e-07
151035.58353230488,-6.3651565568512122e+27,6.3651560575676979e+27,0,-1.9390556343724806e-07
153065.82317667638,-4.9754825901534758e+27,4.9754825440303198e+27,0,-1.9378675315554629e-07
156314.20660767081,-7.7538295838860596e+27,7.7538293841418207e+27,0,-1.9361842328840745e-07
158912.9133524663,-6.0270380819017835e+27,6.0270380430166312e+27,0,-1.9347278931876248e-07
160991.87874830273,-4.7134675817652161e+27,4.7134675361952976e+27,0,-1.9336100949855519e-07
162655.05106497186,-3.7037372370459731e+27,3.703737213971881e+27,0,-1.9327162860734969e-07
163985.58891830718,-2.9211625439356914e+27,2.9211625215048526e+27,0,-1.9320173907758937e-07
165050.01920097545,-2.3106945846904488e+27,2.3106945824158512e+27,0,-1.9314449891366099e-07
165901.56342711006,-1.8320316741915212e+27,1.8320316722677945e+27,0,-1.9309915583777266e-07
167264.03418892543,-2.9011861565179579e+27,2.9011861384953768e+27,0,-1.9302932365832111e-07
168354.01079837774,-2.2947321962361259e+27,2.2947321894872065e+27,0,-1.9297315941938969e-07
169225.99208593959,-1.8192751677456369e+27,1.8192751664554688e+27,0,-1.9292813302492839e-07
169923.57711598909,-1.4449879250807686e+27,1.4449879327369696e+27,0,-1.9289126786107325e-07
171039.71316406826,-2.2929393607194311e+27,2.2929393497861063e+27,0,-1.9283576742586831e-07
171932.6220025316,-1.81769435912334e+27,1.8176943641159927e+27,0,-1.9279003638210481e-07
173361.27614407294,-2.8780120076313531e+27,2.8780119978134312e+27,0,-1.9271995167258297e-07
175647.12277053908,-4.5289166353919158e+27,4.5289165609202115e+27,0,-1.9261735456594231e-07
177475.800071712,-3.5575908242702313e+27,3.557590805831777e+27,0,-1.9253169935786357e-07
180401.68375358867,-5.5748426592933373e+27,5.5748425946708399e+27,0,-1.924022188839269e-07
184401.68375358867,-7.3969326284893901e+27,7.3969325384513922e+27,0,-1.922312552961585e-07
188401.68375358867,-7.1500355376795974e+27,7.1500354099741992e+27,0,-1.9207151730202431e-07
191601.68375358867,-5.5508437439862117e+27,5.550844510137262e+27,0,-1.918369230398203e-07
194161.68375358867,-4.3368981667225447e+27,4.3368981436113359e+27,0,-1.917334198140638e-07
196209.68375358867,-3.4052880660860461e+27,3.4052880350946764e+27,0,-1.9165387352076834e-07
199486.48375358863,-5.3335974988081914e+27,5.3335974575560006e+27,0,-1.9152849016673179e-07
202107.92375358864,-4.1684138809429778e+27,4.1684138628162455e+27,0,-1.9142881415619118e-07
206107.92375358864,-6.1985696922863704e+27,6.1985695903002865e+27,0,-1.9129036639445945e-07
209307.92375358864,-4.823505882449213e+27,4.8235058292136522e+27,0,-1.9117944981933019e-07
210621.36742028937,-1.9461617285045104e+27,1.9461617241919444e+27,0,-1.9113254703757295e-07
211672.1223536499,-1.5431365859561728e+27,1.5431366744431182e+27,0,-1.9108365445201665e-07
212512.72630033831,-1.2257930234958697e+27,1.2257930200729725e+27,0,-1.9105422815071794e-07
213185.20945768908,-9.7511193126760664e+26,9.7511193051605237e+26,0,-1.910305749473879e-07
213723.19598356969,-7.7658345097922755e+26,7.76583452112981e+26,0,-1.9101152083058139e-07
214153.58520427413,-6.1903720726927101e+26,6.1903720870941189e+26,0,-1.9099626657676931e-07
214497.89658083767,-4.9381013905300829e+26,4.9381014050586118e+26,0,-1.9098406113248929e-07
215037.75217420072,-7.7173152378935621e+26,7.7173152639938323e+26,0,-1.9096494615266946e-07
215469.63664889117,-6.1517432856393343e+26,6.1517434622860725e+26,0,-1.90947725822334e-07
215815.1442286435,-4.9073172355072313e+26,4.9073172878317555e+26,0,-1.9093511966615951e-07
216367.95635624728,-7.8258135977980235e+26,7.8258136272302744e+26,0,-1.909157077149842e-07
217252.45576041332,-1.2455467795372782e+27,1.2455467708991707e+27,0,-1.9088651694628287e-07
218667.654807079,-1.9762052256219129e+27,1.9762052015324751e+27,0,-1.9084154381841826e-07
220931.97328174411,-3.1199924861489058e+27,3.1199924424603907e+27,0,-1.9077130731614185e-07
224554.88284120831,-4.8875624618864942e+27,4.8875623585884878e+27,0,-1.9066582658282307e-07
227453.2104887797,-3.8205172290424223e+27,3.8205171573342921e+27,0,-1.9058231627040933e-07
231453.2104887797,-5.1470141973945502e+27,5.1470140939899555e+27,0,-1.9047080310711133e-07
234653.2104887797,-4.0164590153726486e+27,4.0164589955740181e+27,0,-1.9037615125221306e-07
237213.2104887797,-3.150678663920712e+27,3.1506786464421336e+27,0,-1.9030221721870211e-07
239261.21048877973,-2.4816530068453871e+27,2.4816529969038515e+27,0,-1.902435386673409e-07
240899.61048877976,-1.9609785105069857e+27,1.9609784939364219e+27,0,-1.9019830340017297e-07
242210.33048877979,-1.5534745959104116e+27,1.5534745940121405e+27,0,-1.9016105974807447e-07
243258.90648877984,-1.2331186825207725e+27,1.2331186780034376e+27,0,-1.9013188876201306e-07
244936.62808877989,-1.9553771100567477e+27,1.9553771051550171e+27,0,-1.9008536375438402e-07
246278.80536877993,-1.5489125509269633e+27,1.548912549440613e+27,0,-1.9004822243887669e-07
248426.28901678001,-2.4503093785669615e+27,2.4503093592466013e+27,0,-1.8999164715438837e-07
250144.27593518011,-1.9359166282249152e+27,1.9359166231913028e+27,0,-1.899456771168335e-07
252893.05500462023,-3.0534817663456202e+27,3.0534817534703435e+27,0,-1.8987384056103799e-07
255092.07826017236,-2.4046747605701809e+27,2.4046747487609488e+27,0,-1.8981751844888697e-07
258610.51546905571,-3.7789835270319018e+27,3.7789833627446539e+27,0,-1.8974752153483489e-07
261425.26523616241,-2.9641788855361769e+27,2.9641788546537606e+27,0,-1.8968026690509065e-07
263677.0650498477,-2.3346281505962463e+27,2.3346281385995304e+27,0,-1.8962577259050245e-07
265478.50490079599,-1.8447243755474112e+27,1.8447243718295775e+27,0,-1.8958200767697045e-07
266919.65678155463,-1.4613322683861388e+27,1.4613322653959968e+27,0,-1.895473586773858e-07
269225.49979076843,-2.3118913204007792e+27,2.3118913084281325e+27,0,-1.8949348396142477e-07
271070.17419813946,-1.8266707724555751e+27,1.8266707681916721e+27,0,-1.8945028216329994e-07
272545.91372403631,-1.446976059780772e+27,1.4469760596527905e+27,0,-1.8941566394777794e-07
273726.50534475379,-1.1485195885308855e+27,1.1485195848977836e+27,0,-1.8938864128858958e-07
274670.97864132776,-9.1308161456322046e+26,9.1308161461692583e+26,0,-1.8936679205758089e-07
275426.55727858696,-7.2682839460336978e+26,7.2682839838993692e+26,0,-1.893489304645401e-07
276031.02018839429,-5.7915176241916911e+26,5.7915176675289962e+26,0,-1.8933453406669969e-07
276998.16084408603,-9.2240092014463126e+26,9.2240091875267001e+26,0,-1.8931265696607802e-07
278545.58589319279,-1.465086532419176e+27,1.465086526785849e+27,0,-1.8927835124419789e-07
279783.52593247819,-1.162648414489342e+27,1.1626484154617258e+27,0,-1.8925044922839041e-07
281764.22999533481,-1.8430725452490624e+27,1.8430725370933263e+27,0,-1.8920745853403853e-07
283348.79324562009,-1.4594688537351064e+27,1.4594688519827295e+27,0,-1.8917283600732465e-07
284616.44384584832,-1.1581220363486108e+27,1.1581220374368594e+27,0,-1.8914505858126097e-07
285630.5643260309,-9.2051808974602201e+26,9.205180885768122e+26,0,-1.8912324245510577e-07
287253.15709432302,-1.4619026860103038e+27,1.4619026830275561e+27,0,-1.890887480157835e-07
288551.23130895669,-1.1599533990702462e+27,1.1599533967947921e+27,0,-1.890613757903768e-07
289589.69068066363,-9.2191076302490864e+26,9.2191076281486605e+26,0,-1.8903942498373499e-07
291251.2256753947,-1.4640000333795733e+27,1.4640000577550567e+27,0,-1.890014624503429e-07
293909.68166696443,-2.3145383678541432e+27,2.3145383578985824e+27,0,-1.889475849773567e-07
297909.68166696443,-3.4194723310856995e+27,3.4194722985112288e+27,0,-1.888702952379705e-07
299885.53130709066,-1.6618300281629685e+27,1.6618300253055412e+27,0,-1.8883112321814e-07
301466.21101919166,-1.3167652279176797e+27,1.3167652241108879e+27,0,-1.8880029084428717e-07
302730.75478887244,-1.0453965581571864e+27,1.0453965566266864e+27,0,-1.8877563208236179e-07
303742.38980461704,-8.3124341548544821e+26,8.3124341501667844e+26,0,-1.887559351886093e-07
304551.69781721273,-6.6177584599100018e+26,6.6177584653078521e+26,0,-1.8874014196013772e-07
305199.1442272893,-5.2737495515163096e+26,5.2737495592946706e+26,0,-1.8872751431664951e-07
305717.10135535058,-4.2059799123483176e+26,4.2059799425710473e+26,0,-1.8871714223934146e-07
306131.46705779957,-3.3564883965166888e+26,3.3564884135980225e+26,0,-1.8870895439904057e-07
306462.95961975877,-2.6799004147878694e+26,2.679900460217706e+26,0,-1.887020173852998e-07
306728.1536693261,-2.1405441578752782e+26,2.1405442159652796e+26,0,-1.8869620243103786e-07
307152.46414863382,-3.4186464501413644e+26,3.418646504527589e+26,0,-1.8868739920684689e-07
307831.36091552617,-5.4539613865821075e+26,5.4539614250246685e+26,0,-1.8867396461754905e-07
308917.59574255394,-8.6859518295937631e+26,8.6859518336218089e+26,0,-1.886532922705587e-07
310655.57146579836,-1.379513961725935e+27,1.3795139565982468e+27,0,-1.8862119507759706e-07
313436.33262298943,-2.1814168691175269e+27,2.1814168402690395e+27,0,-1.8857307133732433e-07
317436.33262298943,-3.083459920943195e+27,3.0834598435777905e+27,0,-1.8850969295116986e-07
321436.33262298943,-3.021127386024488e+27,3.0211273066334972e+27,0,-1.8844809454305854e-07
325436.33262298943,-2.960782222733878e+27,2.9607820688790978e+27,0,-1.8839732625491579e-07
329436.33262298943,-2.9023374579246564e+27,2.9023374189420005e+27,0,-1.8833355166578352e-07
333436.33262298943,-2.8457114821381914e+27,2.8457114648101092e+27,0,-1.8826844338350186e-07
336636.33262298943,-2.2369710652312529e+27,2.2369710591669587e+27,0,-1.882163469233281e-07
339196.33262298943,-1.7648642071547271e+27,1.7648642015425589e+27,0,-1.8817536978609654e-07
343196.33262298943,-2.714704853790606e+27,2.7147048375201385e+27,0,-1.8811333245545279e-07
346396.33262298943,-2.1350169236314452e+27,2.1350169147626245e+27,0,-1.8806407951937366e-07
347617.19097475341,-8.0611988894949172e+26,8.0611988866283035e+26,0,-1.88045105971439e-07
348593.87765616458,-6.4158918160654748e+26,6.4158918197025081e+26,0,-1.8802993349694469e-07
349375.2270012935,-5.1117061801308702e+26,5.1117061968114031e+26,0,-1.8801767414435106e-07
350000.30647739663,-4.0759993415087583e+26,4.0759993515623428e+26,0,-1.8800794055204686e-07
350500.37005827914,-3.2522856549647743e+26,3.2522856655112122e+26,0,-1.880001430746599e-07
350900.42092298513,-2.596400129400346e+26,2.5964001380663387e+26,0,-1.8799391547456521e-07
351220.46161474992,-2.0736563397946971e+26,2.0736563581410348e+26,0,-1.8798879877580704e-07
351732.52672157361,-3.311465426994978e+26,3.3114654501332004e+26,0,-1.87980705570994e-07
352142.17880703259,-2.6435317134509173e+26,2.6435317391547703e+26,0,-1.8797415461743526e-07
352469.90047539974,-2.1112263980396009e+26,2.1112264429648039e+26,0,-1.879686172891767e-07
352994.2551447872,-3.3713287455587768e+26,3.3713287908304486e+26,0,-1.8796010730212846e-07
353833.22261580714,-5.3772143173806131e+26,5.3772143509233078e+26,0,-1.8794702007622971e-07
355175.57056943903,-8.5605338735510914e+26,8.560533879010436e+26,0,-1.8792678959336319e-07
357323.32729525008,-1.3587903871470633e+27,1.3587903803530828e+27,0,-1.8789564701247081e-07
360759.73805654777,-2.1466364765896047e+27,2.1466364477322225e+27,0,-1.8784873933028126e-07
364759.73805654777,-2.4571464599565887e+27,2.4571464126842347e+27,0,-1.8779686065843409e-07
368759.73805654777,-2.4136482596501187e+27,2.4136482121788048e+27,0,-1.8774606111824575e-07
372759.73805654777,-2.3713630210280407e+27,2.3713629815790747e+27,0,-1.8769528155297021e-07
376759.73805654777,-2.3302448687582185e+27,2.3302448169219575e+27,0,-1.876470471656623e-07
379959.73805654777,-1.8353471057745068e+27,1.8353470992801811e+27,0,-1.8760478223315378e-07
382519.73805654777,-1.4502228177564652e+27,1.4502228117308463e+27,0,-1.8757151158901886e-07
384567.73805654777,-1.148826495154548e+27,1.1488264991740792e+27,0,-1.8754406461424018e-07
386206.13805654779,-9.1189794683083517e+26,9.1189794566126156e+26,0,-1.87522828913525e-07
387516.85805654782,-7.2498512756187518e+26,7.2498512750283415e+26,0,-1.875058405122789e-07
388565.43405654782,-5.7711271573234299e+26,5.7711271616027979e+26,0,-1.874922600014802e-07
390131.79256545979,-8.5736949965650312e+26,8.5736949948963216e+26,0,-1.8747218847758798e-07
392637.96617971896,-1.3601649666920292e+27,1.3601649631935702e+27,0,-1.8744075916012871e-07
394642.9050711263,-1.0779670701605824e+27,1.0779670701653788e+27,0,-1.8741551112724657e-07
397850.80729737802,-1.7062703216766598e+27,1.7062703073338852e+27,0,-1.8737735368502827e-07
400417.12907837942,-1.3489192367683363e+27,1.3489192346921304e+27,0,-1.8734604225784338e-07
402470.18650318054,-1.0690074884915222e+27,1.0690074885046146e+27,0,-1.8732102857602167e-07
404112.6324430214,-8.4881147325166619e+26,8.4881147175272453e+26,0,-1.8730136049188341e-07
405426.58919489407,-6.750006632253187e+26,6.7500066315181497e+26,0,-1.8728558314824474e-07
406477.75459639222,-5.3743170142904637e+26,5.3743170163034159e+26,0,-1.8727299077819921e-07
407318.68691759073,-4.2831256597344499e+26,4.2831256818989262e+26,0,-1.872626996548647e-07
408664.17863150837,-6.8230206758300339e+26,6.8230206724861689e+26,0,-1.8724679069296209e-07
409740.5720026425,-5.4320333975564614e+26,5.4320334007673102e+26,0,-1.8723405366415014e-07
410601.68669954978,-4.3288590140910152e+26,4.3288590328388017e+26,0,-1.8722370251642761e-07
411979.47021460143,-6.8953899565221968e+26,6.895390092178589e+26,0,-1.8720589615841425e-07
413081.69702664274,-5.4892245368966293e+26,5.4892245469743619e+26,0,-1.8719294523405057e-07
414845.25992590882,-8.7331238737131707e+26,8.7331238068909508e+26,0,-1.8717337848348911e-07
417666.96056473459,-1.3847439841099154e+27,1.3847439782909123e+27,0,-1.8714176577915749e-07
421666.96056473459,-1.9369822469463423e+27,1.9369822378788568e+27,0,-1.8709767993720185e-07
424866.96056473459,-1.5280763873572064e+27,1.5280763854985438e+27,0,-1.8706225552365529e-07
427426.96056473459,-1.2089696934480118e+27,1.2089696919505504e+27,0,-1.8703424168078011e-07
431426.96056473459,-1.8654818559984951e+27,1.8654818457110891e+27,0,-1.8699202637397174e-07
434626.96056473459,-1.4721280461750625e+27,1.4721280429015811e+27,0,-1.8695812253480418e-07
436253.87462327682,-7.4166325110038825e+26,7.4166325095083817e+26,0,-1.8694085946918245e-07
437555.40587011061,-5.9007913612779496e+26,5.9007913736936899e+26,0,-1.869269574188054e-07
438596.63086757774,-4.6999885737028017e+26,4.6999885915714215e+26,0,-1.8691578644111419e-07
439429.61086555145,-3.74686197658753e+26,3.7468619835170172e+26,0,-1.869069729606229e-07
440095.99486393051,-2.9891295600903752e+26,2.9891295668914937e+26,0,-1.8689992656876336e-07
440629.10206263367,-2.3859748274400696e+26,2.385974851521276e+26,0,-1.8689406997869399e-07
441482.07358055888,-3.8077474969745914e+26,3.8077475149953053e+26,0,-1.8688497854599362e-07
442164.45079489902,-3.0375384452494141e+26,3.0375384809854648e+26,0,-1.8687746055878413e-07
442710.35256637115,-2.4245114720160053e+26,2.424511508801209e+26,0,-1.8687135731133019e-07
443583.79540072655,-3.8690561981907107e+26,3.8690562506955651e+26,0,-1.8686169566784951e-07
444981.30393569521,-6.1646191833490097e+26,6.1646192074751109e+26,0,-1.8684704515688221e-07
447217.31759164511,-9.7977468129636577e+26,9.7977468135255604e+26,0,-1.8682423559134074e-07
450794.93944116496,-1.5510706042791796e+27,1.5510705895339576e+27,0,-1.8678998475525874e-07
454794.93944116496,-1.7105035550953117e+27,1.7105035309433601e+27,0,-1.8675321114743178e-07
458794.93944116496,-1.6860497949517888e+27,1.6860497793946553e+27,0,-1.8671595167733426e-07
462794.93944116496,-1.6621540027536788e+27,1.6621539922520557e+27,0,-1.866786338334951e-07
465994.9394411649,-1.3128823262894636e+27,1.3128823242342975e+27,0,-1.8664839213162954e-07
469994.9394411649,-1.6204938763699587e+27,1.6204938719399878e+27,0,-1.8661131388950058e-07
473994.9394411649,-1.5980721173198753e+27,1.5980721122582092e+27,0,-1.8657484951216866e-07
477994.9394411649,-1.5761471414545816e+27,1.5761471366400989e+27,0,-1.865388775059822e-07
480538.6691526465,-9.9113926849204201e+26,9.9113926802434839e+26,0,-1.8651594590354972e-07
482573.65292183176,-7.8674936509707845e+26,7.867493648085152e+26,0,-1.8649773693389226e-07
485829.62695252814,-1.2475683982393023e+27,1.2475683952217946e+27,0,-1.8646918804661725e-07
488434.4061770853,-9.8824491673683055e+26,9.8824491585524364e+26,0,-1.8644639217669186e-07
490518.22955673095,-7.8440758684862445e+26,7.8440758655465421e+26,0,-1.864282517809487e-07
492185.2882604475,-6.2361076591233227e+26,6.2361076596825632e+26,0,-1.8641379653942869e-07
493518.93522342073,-4.9640565777860211e+26,4.9640565840133251e+26,0,-1.8640221964810499e-07
495652.77036417794,-7.8970040867780961e+26,7.8970043320434762e+26,0,-1.8638088114222159e-07
499066.90658938955,-1.2520184137410687e+27,1.2520184117874397e+27,0,-1.863521326518354e-07
501798.21556955879,-9.915709225465612e+26,9.915709211857542e+26,0,-1.863293476701021e-07
503983.2627536942,-7.8692284888882834e+26,7.8692284867154395e+26,0,-1.8631116207109789e-07
505731.30050100246,-6.2553193105004875e+26,6.255319312163826e+26,0,-1.8629666660267397e-07
508528.16089669563,-9.9353070607810398e+26,9.9353070442875998e+26,0,-1.8627388575068459e-07
510765.64921325009,-7.8841395950649809e+26,7.8841395916395514e+26,0,-1.8625569207163034e-07
512139.62656390062,-4.8134976063969742e+26,4.8134976068865435e+26,0,-1.8624455400427811e-07
513238.80844442098,-3.8356233268876389e+26,3.8356233441138834e+26,0,-1.8623547057924847e-07
514997.49945325358,-6.1091454205698654e+26,6.1091454182566002e+26,0,-1.8622137419380531e-07
516404.45226031978,-4.8628160384466849e+26,4.8628160417377623e+26,0,-1.8621009143098766e-07
517530.01450597268,-3.8746879778974152e+26,3.8746879810780708e+26,0,-1.8620109537867679e-07
518430.46430249501,-3.0898473791409695e+26,3.0898473942455511e+26,0,-1.8619376613740667e-07
519871.1839769308,-4.9255546160613197e+26,4.9255546267030955e+26,0,-1.8618225046901138e-07
522176.335456028,-7.8346602556155518e+26,7.8346602604660212e+26,0,-1.8616408626157642e-07
524020.4566393058,-6.2271517080401094e+26,6.2271517085227112e+26,0,-1.8614969334504581e-07
526971.05053255032,-9.8893187499033777e+26,9.8893187079519761e+26,0,-1.861273706502357e-07
529331.52564714593,-7.8465580821846412e+26,7.8465580781971331e+26,0,-1.8610929935947937e-07
533108.28583049891,-1.2436322729626035e+27,1.2436322703275255e+27,0,-1.8608091315296911e-07
537108.28583049891,-1.3015489074980021e+27,1.301548904762155e+27,0,-1.8605121164170922e-07
541108.28583049891,-1.285818585434202e+27,1.2858185833025772e+27,0,-1.8602180768060141e-07
544255.71901675616,-1.0008998922312756e+27,1.0008998913628416e+27,0,-1.859988276326316e-07
546773.66556576197,-7.9394340254076832e+26,7.9394340156770878e+26,0,-1.8598063847216029e-07
550773.66556576197,-1.249063449281466e+27,1.2490634467945304e+27,0,-1.8595214833178466e-07
553973.66556576197,-9.8864464855661499e+26,9.8864464564183083e+26,0,-1.8592972169633373e-07
556533.66556576197,-7.8423365837144736e+26,7.8423365815167367e+26,0,-1.8591167654215315e-07
558581.66556576197,-6.2316356413486271e+26,6.2316356385767239e+26,0,-1.8589735280905945e-07
561858.46556576202,-9.8935063368988566e+26,9.8935063258381723e+26,0,-1.8587469915169834e-07
564479.90556576208,-7.8473287443678443e+26,7.8473287365554693e+26,0,-1.8585672277545193e-07
566577.05756576208,-6.2352202208535817e+26,6.235220220727054e+26,0,-1.858423665106767e-07
568254.77916576213,-4.9611580491763424e+26,4.9611580509759344e+26,0,-1.8583092174895645e-07
570939.13372576225,-7.8884021421343842e+26,7.8884021348892705e+26,0,-1.858128522997005e-07
574939.13372576225,-1.1643179832056148e+27,1.1643179808058406e+27,0,-1.8578635326003234e-07
578139.13372576225,-9.2199628371570143e+26,9.2199628258923994e+26,0,-1.857652788707711e-07
580699.13372576225,-7.3163440120893581e+26,7.3163440104293429e+26,0,-1.8574846893739056e-07
582747.13372576225,-5.8153695042307857e+26,5.8153695108910266e+26,0,-1.8573501098711205e-07
584385.53372576227,-4.6283935334838899e+26,4.6283935363874967e+26,0,-1.8572433100788689e-07
585696.25372576225,-3.687533658187505e+26,3.6875336625362275e+26,0,-1.8571579773083877e-07
587793.40572576225,-5.8722000589036205e+26,5.8722000587084078e+26,0,-1.8570229870354469e-07
591148.84892576223,-9.3249407633168057e+26,9.3249407521277081e+26,0,-1.8568100121129577e-07
593833.20348576223,-7.3981716245464791e+26,7.3981716214629468e+26,0,-1.856640361066259e-07
595980.68713376229,-5.8794811930727928e+26,5.8794811914364659e+26,0,-1.8565054572252505e-07
597698.67405216233,-4.6788329621913849e+26,4.678832964687635e+26,0,-1.8563976460147214e-07
599073.06358688232,-3.7273484772099482e+26,3.7273484798322971e+26,0,-1.8563116897299938e-07
601272.08684243425,-5.9349246923830171e+26,5.9349246985448383e+26,0,-1.8561745951499573e-07
604790.52405131736,-9.4228380425924685e+26,9.4228384713375994e+26,0,-1.8559051334792886e-07
607605.27381842386,-7.4743550394315711e+26,7.4743550371523096e+26,0,-1.8557337943874e-07
611605.27381842386,-1.0525432973204092e+27,1.0525432950605316e+27,0,-1.8554949658585713e-07
614805.27381842386,-8.340162760294271e+26,8.3401627513576123e+26,0,-1.8553046570735418e-07
616511.3843705086,-4.4178820413637289e+26,4.41788204267892e+26,0,-1.8552031160107618e-07
617876.27281217638,-3.520036271378413e+26,3.5200362833190646e+26,0,-1.855120871863999e-07
620060.09431884484,-5.6058749325626043e+26,5.6058749302308466e+26,0,-1.8549925478902729e-07
621807.15152417962,-4.4616738506863783e+26,4.4616738529506672e+26,0,-1.8548899190065285e-07
623204.79728844739,-3.5547147262888568e+26,3.5547147350884888e+26,0,-1.854807295330811e-07
625441.03051127587,-5.660712241868593e+26,5.6607122398896535e+26,0,-1.8546777134937369e-07
629019.00366780139,-8.9891539748687212e+26,8.9891539657745395e+26,0,-1.8544727119521712e-07
631881.38219302183,-7.1318156702553655e+26,7.1318156680375104e+26,0,-1.8543094824369046e-07
634171.28501319815,-5.6678356514219754e+26,5.6678356490263966e+26,0,-1.8541798585553345e-07
636003.20726933924,-4.510429666319256e+26,4.5104296688454816e+26,0,-1.854076169711004e-07
637468.74507425213,-3.5932062249806879e+26,3.5932062280105832e+26,0,-1.8539934491467627e-07
639525.6890395704,-5.0206897569810108e+26,5.0206897578913535e+26,0,-1.8538782889897545e-07
642816.79938407964,-7.9789000995460696e+26,7.9789000913643095e+26,0,-1.8536964953420491e-07
645449.68765968701,-6.3356178969309927e+26,6.3356178942773406e+26,0,-1.8535516933594437e-07
649449.68765968701,-9.5456501605865403e+26,9.545650160986412e+26,0,-1.8533330247512933e-07
652588.4966649639,-7.4240828989138186e+26,7.4240828964925263e+26,0,-1.8531633295343773e-07
655099.54386918538,-5.897772732474848e+26,5.8977727296020681e+26,0,-1.8530286612562906e-07
657108.38163256261,-4.6919389362860157e+26,4.6919389383796405e+26,0,-1.8529209997476308e-07
658715.4518432644,-3.7368722642018185e+26,3.7368722670516117e+26,0,-1.852835116132917e-07
660001.10801182583,-2.9788941885947817e+26,2.978894191175397e+26,0,-1.8527666204689893e-07
662058.15788152406,-4.7467568273314191e+26,4.746756827238221e+26,0,-1.8526580050167236e-07
663703.79777728266,-3.780264570190307e+26,3.7802645723315674e+26,0,-1.8525712403505674e-07
666336.82161049638,-6.0170012150985912e+26,6.0170012046784611e+26,0,-1.8524348625979501e-07
668443.24067706731,-4.7859940272757346e+26,4.7859940284336227e+26,0,-1.8523252340540362e-07
670128.37593032408,-3.811278289448765e+26,3.811278297055796e+26,0,-1.8522371162264439e-07
671476.48413292947,-3.0378885563454535e+26,3.0378885597263191e+26,0,-1.8521672165737161e-07
672554.97069501376,-2.4232240013292191e+26,2.4232240046368373e+26,0,-1.8521113882522479e-07
674280.54919434863,-3.8641277977894957e+26,3.8641278022947543e+26,0,-1.8520224650278516e-07
675661.01199381647,-3.0798190959464657e+26,3.0798190985889585e+26,0,-1.8519517138684291e-07
677869.75247296505,-4.9066284493056857e+26,4.9066284482671242e+26,0,-1.851839655414656e-07
681403.73723960272,-7.7971402957731912e+26,7.7971402906255045e+26,0,-1.8516620426013065e-07
685403.73723960272,-8.7469431720520608e+26,8.746943158715147e+26,0,-1.8514637681427199e-07
689403.73723960272,-8.6649608647307634e+26,8.6649608549880279e+26,0,-1.8512669660840849e-07
693403.73723960272,-8.5842493047896838e+26,8.5842492915497991e+26,0,-1.8510724814616241e-07
696603.73723960272,-6.8101239702290722e+26,6.8101239675128482e+26,0,-1.85091725975666e-07
699163.73723960272,-5.4119011822229277e+26,5.4119011868729507e+26,0,-1.8507930859360208e-07
701211.73723960272,-4.3065852660678653e+26,4.3065852670931489e+26,0,-1.8506946150333726e-07
704488.53723960277,-6.8485559583554272e+26,6.8485560206044292e+26,0,-1.8505305643063899e-07
707109.97723960283,-5.4420181929120997e+26,5.4420181931446911e+26,0,-1.8504062991406719e-07
709207.12923960283,-4.3302835249009346e+26,4.3302835259020592e+26,0,-1.8503073310111233e-07
710884.85083960288,-3.4494152928354109e+26,3.4494153005615087e+26,0,-1.8502276479193411e-07
712227.02811960294,-2.7501138612495108e+26,2.7501138645912531e+26,0,-1.8501644714759819e-07
714374.51176760299,-4.3828814745964167e+26,4.3828814754057597e+26,0,-1.8500643525289399e-07
716092.49868600303,-3.4910739532794379e+26,3.4910739559175594e+26,0,-1.8499843671777889e-07
717466.88822072302,-2.7831749442804569e+26,2.7831749471944592e+26,0,-1.849920505708795e-07
718566.39984849899,-2.2203744334452916e+26,2.2203744420043993e+26,0,-1.8498687922671438e-07
719446.00915071974,-1.7723700811054259e+26,1.7723700962667313e+26,0,-1.8498264878545027e-07
720853.38403427298,-2.8285575792848165e+26,2.8285575929017042e+26,0,-1.8497602819746746e-07
723105.18384795822,-4.5072757758645141e+26,4.5072758035484508e+26,0,-1.8496540550520012e-07
726708.06354985456,-7.1649175610330388e+26,7.1649175483344767e+26,0,-1.8494922095709556e-07
730708.06354985456,-7.888107341997168e+26,7.8881073259831042e+26,0,-1.8493143120620038e-07
733908.06354985456,-6.2607327738017276e+26,6.2607327713438298e+26,0,-1.8491718768025018e-07
737908.06354985456,-7.7645705006077481e+26,7.7645704946605997e+26,0,-1.8489956162608934e-07
741108.06354985456,-6.1631971200653437e+26,6.1631971190063642e+26,0,-1.8488552805623689e-07
745108.06354985456,-7.6442381943622478e+26,7.6442381875032634e+26,0,-1.8486819347413685e-07
748308.06354985456,-6.0681792922414101e+26,6.0681792878746103e+26,0,-1.8485442190756019e-07
752308.06354985456,-7.52699723870476e+26,7.5269972224263721e+26,0,-1.8483747630530898e-07
756308.06354985456,-7.4631590949012397e+26,7.4631590797740529e+26,0,-1.8482066504213344e-07
759508.06354985456,-5.9251710098707517e+26,5.925171009739905e+26,0,-1.8480717404089765e-07
762068.06354985456,-4.7114418037457412e+26,4.7114418027034654e+26,0,-1.8479645954050086e-07
764116.06354985456,-3.7509566935040109e+26,3.7509566951973626e+26,0,-1.8478789912717898e-07
765754.46354985458,-2.9892044950342151e+26,2.9892045025750307e+26,0,-1.8478100147440801e-07
767065.18354985456,-2.3840078079750055e+26,2.3840078114527518e+26,0,-1.8477553193490786e-07
769162.33554985456,-3.8008923460443812e+26,3.8008923476530904e+26,0,-1.8476686083916737e-07
770840.05714985461,-3.0288037107096813e+26,3.0288037136382865e+26,0,-1.8475993143140249e-07
772182.23442985467,-2.4154656844785051e+26,2.4154656875301959e+26,0,-1.8475439679041056e-07
773255.97625385469,-1.9275460669017633e+26,1.9275460712945322e+26,0,-1.8474995626193809e-07
774973.96317225473,-3.0751926842381204e+26,3.0751927043446308e+26,0,-1.847427109841741e-07
777722.74224169482,-4.8977177001313571e+26,4.8977179545602658e+26,0,-1.8472843375120498e-07
781722.74224169482,-7.0779314942176743e+26,7.0779314788503541e+26,0,-1.8471252134509322e-07
785722.74224169482,-7.0203405246720844e+26,7.0203405125624798e+26,0,-1.8469670257812919e-07
788922.74224169482,-5.575333931927666e+26,5.5753340417819323e+26,0,-1.846826707108245e-07
791482.74224169482,-4.4343559401158957e+26,4.434355941479721e+26,0,-1.846725707746862e-07
793530.74224169482,-3.5310475933640361e+26,3.531047594709859e+26,0,-1.8466452585385235e-07
796807.54224169487,-5.6195548929517593e+26,5.6195548892318868e+26,0,-1.8465179621225958e-07
799428.98224169493,-4.4691893400204399e+26,4.469189341454779e+26,0,-1.8464161960676518e-07
801526.13424169493,-3.5585717200685037e+26,3.5585717225983892e+26,0,-1.8463350024818777e-07
804881.57744169491,-5.6629694333917521e+26,5.6629694433016518e+26,0,-1.8462050846612669e-07
807565.93200169492,-4.5033761995595985e+26,4.5033762005136351e+26,0,-1.846102635283316e-07
809713.41564969497,-3.5855777549236383e+26,3.5855777558775347e+26,0,-1.8460210495323328e-07
813149.38948649506,-5.7055536266136162e+26,5.7055536321608537e+26,0,-1.8458907450996878e-07
815898.16855593515,-4.5368976717994355e+26,4.5368976725180048e+26,0,-1.8457875980904545e-07
818097.1918114872,-3.6120508762227784e+26,3.6120508772986794e+26,0,-1.8457054238418259e-07
821615.62902037043,-5.7472842237750671e+26,5.747284231037863e+26,0,-1.8455740050213773e-07
824430.37878747704,-4.5697355940829416e+26,4.5697355992862512e+26,0,-1.8454695958912597e-07
828430.37878747704,-6.4515081374017672e+26,6.4515081353464185e+26,0,-1.845323368730781e-07
831630.37878747704,-5.1256910635782678e+26,5.1256910613564008e+26,0,-1.845207280975012e-07
834190.37878747704,-4.0780609678209786e+26,4.0780609669466648e+26,0,-1.8451148207224789e-07
836238.37878747704,-3.2481742253702195e+26,3.2481742406149902e+26,0,-1.8450392218608705e-07
837876.77878747706,-2.5894646243448643e+26,2.5894646293036909e+26,0,-1.8449798432692805e-07
839187.49878747703,-2.0657947929645484e+26,2.0657947962696921e+26,0,-1.844932555635517e-07
841284.65078747703,-3.2946481334549671e+26,3.294648135410654e+26,0,-1.844857551383486e-07
844640.09398747701,-5.2444356327106821e+26,5.2444356263752219e+26,0,-1.8447393339029575e-07
847324.44854747702,-4.1718267282952288e+26,4.1718267283878255e+26,0,-1.8446446743380705e-07
851324.44854747714,-6.1777986518661043e+26,6.1777986501199087e+26,0,-1.8445047483198838e-07
855324.44854747714,-6.1319903500456915e+26,6.1319903479414887e+26,0,-1.8443659264897634e-07
858524.44854747702,-4.8729953645364277e+26,4.8729953633432383e+26,0,-1.844255563017978e-07
861084.4485474769,-3.8777458555712693e+26,3.8777458556117863e+26,0,-1.8441676276554209e-07
863132.44854747667,-3.0890873673403812e+26,3.0890873746687341e+26,0,-1.8440966856054177e-07
864770.84854747658,-2.4629340896827597e+26,2.4629341551850719e+26,0,-1.8440327924681285e-07
866081.56854747655,-1.9650399794551031e+26,1.9650399831452215e+26,0,-1.8439877897540505e-07
867130.14454747667,-1.5686492928643755e+26,1.5686492955511136e+26,0,-1.8439518984545151e-07
868807.86614747683,-2.5036106416892787e+26,2.5036106490349932e+26,0,-1.8438942418600449e-07
871492.22070747707,-3.9899213398997881e+26,3.989921341387037e+26,0,-1.8438036200505626e-07
873639.70435547736,-3.1779801429458239e+26,3.1779801443390976e+26,0,-1.8437314203106294e-07
875357.69127387763,-2.5335114635635216e+26,2.5335114713950385e+26,0,-1.8436730400114153e-07
876732.08080859773,-2.0211610397448017e+26,2.021161042649285e+26,0,-1.8436268794775853e-07
878931.10406415001,-3.2234711262705951e+26,3.2234711329049988e+26,0,-1.8435530184929018e-07
882449.54127303371,-5.1311554608799255e+26,5.1311554582393432e+26,0,-1.8434370803735354e-07
886449.54127303371,-5.7943705388131199e+26,5.79437053774549e+26,0,-1.8433059392776878e-07
890449.54127303371,-5.7532710191779494e+26,5.7532710161298469e+26,0,-1.843175991150505e-07
894449.54127303371,-5.7126648844644121e+26,5.712664884868697e+26,0,-1.8430465567843001e-07
897649.54127303371,-4.5412218716165136e+26,4.5412218722145833e+26,0,-1.8429436432851545e-07
901649.5412730336,-5.6407913994707629e+26,5.6407914291799409e+26,0,-1.8428122683512018e-07
905649.5412730336,-5.6015242014096174e+26,5.6015241955474145e+26,0,-1.8426861706928066e-07
908849.5412730336,-4.4532586509537351e+26,4.4532586550004718e+26,0,-1.8425848647112457e-07
911409.5412730336,-3.5448834977357602e+26,3.5448834974521563e+26,0,-1.8425046615855691e-07
915409.5412730336,-5.5076421964537293e+26,5.5076422001175096e+26,0,-1.8423795606606736e-07
918609.5412730336,-4.3789457290722458e+26,4.378945731855342e+26,0,-1.8422801250452881e-07
920818.6859878148,-3.0090772243963621e+26,3.0090772258695249e+26,0,-1.842211856095788e-07
922586.00175963959,-2.3991078341212477e+26,2.3991078501132856e+26,0,-1.8421556096610305e-07
923999.85437709955,-1.914094982688263e+26,1.9140949872323601e+26,0,-1.8421117455321805e-07
925130.9364710676,-1.527967405893738e+26,1.527967410208861e+26,0,-1.8420766470702971e-07
926035.802146242,-1.2202634867506984e+26,1.2202634905292283e+26,0,-1.8420485769030944e-07
927483.58722652076,-1.9485327019140093e+26,1.9485327255237617e+26,0,-1.8420015973109938e-07
928641.81529074395,-1.555391683651155e+26,1.5553917013032844e+26,0,-1.841964244696508e-07
930494.98019350122,-2.4823039299067639e+26,2.4823039636602377e+26,0,-1.8419039498402256e-07
933460.04403791262,-3.9555924359276623e+26,3.9555927532819437e+26,0,-1.8417755110334078e-07
937460.04403791262,-5.3051460115309708e+26,5.3051460028524066e+26,0,-1.841656600032737e-07
940660.04403791262,-4.2186293275455403e+26,4.2186293277958139e+26,0,-1.8415611754946717e-07
944660.04403791262,-5.2417651613421019e+26,5.2417651610687908e+26,0,-1.8414426933394158e-07
947860.04403791262,-4.1684423619862445e+26,4.1684423720474802e+26,0,-1.8413472210090277e-07
950420.04403791262,-3.3189199969475281e+26,3.3189199997876807e+26,0,-1.8412718475526905e-07
954420.04403791262,-5.1578935163350649e+26,5.1578935161224434e+26,0,-1.8411552906924189e-07
957620.04403791262,-4.1020239837285097e+26,4.1020239850648074e+26,0,-1.8410624198713709e-07
961620.04403791262,-5.0974826593159136e+26,5.0974826603465518e+26,0,-1.8409471019765208e-07
964600.23959874443,-3.7763752871325557e+26,3.7763752872793549e+26,0,-1.8408617558576733e-07
966984.39604740997,-3.0079971788799175e+26,3.0079971875715071e+26,0,-1.8407927283625826e-07
968891.72120634199,-2.3980680489840319e+26,2.3980680526654614e+26,0,-1.8407380997632081e-07
970417.58133348799,-1.9131519907156785e+26,1.9131519946821667e+26,0,-1.8406943936361789e-07
971638.26943520445,-1.5271425493742027e+26,1.5271425533200175e+26,0,-1.8406594117230037e-07
973591.37039795099,-2.437207551350839e+26,2.4372075590669391e+26,0,-1.8406034117465278e-07
975153.85116814822,-1.9442776201914924e+26,1.9442776245474571e+26,0,-1.8405589611097091e-07
977653.82040046377,-3.1007525053466593e+26,3.1007525070023232e+26,0,-1.8404887245034129e-07
979653.79578631639,-2.4717086545079569e+26,2.4717086577170654e+26,0,-1.8404325086573544e-07
982853.75640368019,-3.9384061392316069e+26,3.9384061405551426e+26,0,-1.840343406725771e-07
986853.75640368019,-4.8950436221000507e+26,4.8950436217454987e+26,0,-1.8402329193073698e-07
990853.75640368019,-4.8642194495320621e+26,4.8642194450880471e+26,0,-1.8401236427784218e-07
993326.34486757754,-2.9915324206335537e+26,2.9915324214267159e+26,0,-1.8400560107336655e-07
995304.41563869535,-2.3848892618615617e+26,2.3848892727856069e+26,0,-1.8400008345390155e-07
998469.32887248381,-3.8005141829269825e+26,3.8005142569639277e+26,0,-1.8399059666025404e-07
1001001.2594595144,-3.0269385222258637e+26,3.0269385251576345e+26,0,-1.8398372887277746e-07
1003649.8053454362,-3.1536320045984619e+26,3.1536320063317637e+26,0,-1.8397659038056746e-07
1007649.8053454362,-4.7383571642969143e+26,4.7383571686877453e+26,0,-1.8396584386430086e-07
1010849.8053454362,-3.7696828331524118e+26,3.769682834872316e+26,0,-1.8395731692758265e-07
1012150.558697689,-1.5270243705064531e+26,1.5270243725817462e+26,0,-1.839538461491844e-07
1013191.1613794912,-1.2194258967535767e+26,1.2194259009165282e+26,0,-1.839510438737629e-07
1014023.643524933,-9.7414072714367483e+25,9.7414073882869926e+25,0,-1.8394870280513968e-07
1014689.6292412864,-7.784185980936444e+25,7.7841860272621691e+25,0,-1.8394688984017118e-07
1015222.4178143692,-6.2216374654382079e+25,6.221637508376531e+25,0,-1.839454335728589e-07
1015648.6486728354,-4.9736597102769903e+25,4.9736599828973319e+25,0,-1.8394397717560795e-07
1015989.6333596084,-3.9765942527543962e+25,3.9765946372589176e+25,0,-1.8394260850869564e-07
1016262.4211090268,-3.1797833927934624e+25,3.1797837295240317e+25,0,-1.8394147819928679e-07
1016698.8815080964,-5.0848976807214394e+25,5.084898003141615e+25,0,-1.839399356784611e-07
1017397.2181466076,-8.1287899321373052e+25,8.1287902432508686e+25,0,-1.8393772039219611e-07
1018514.5567682254,-1.2988060455572419e+26,1.2988060770035983e+26,0,-1.8393440490620936e-07
1020302.298562814,-2.0734952822449671e+26,2.0734953162095351e+26,0,-1.8392931121590009e-07
1023162.6854341556,-3.3058899154421619e+26,3.3058899466791278e+26,0,-1.8392147159911586e-07
1027162.6854341556,-4.599024495302567e+26,4.5990245139781768e+26,0,-1.8391087035065482e-07
1031162.6854341556,-4.5713324863835661e+26,4.5713325326088079e+26,0,-1.8389999493636266e-07
1035162.6854341556,-4.5439268284885917e+26,4.5439268758968215e+26,0,-1.838891680271416e-07
1039162.6854341556,-4.5168033652455498e+26,4.5168034397593669e+26,0,-1.8387807114831046e-07
1043162.6854341556,-4.4899581789731225e+26,4.4899581941253651e+26,0,-1.8386776376343376e-07
1047162.6854341556,-4.4633871567139147e+26,4.4633871783475537e+26,0,-1.8385743794647353e-07
1051162.6854341556,-4.4370864972496971e+26,4.4370865046472553e+26,0,-1.8384734704235266e-07
1055162.6854341556,-4.4110523587397713e+26,4.4110523585975131e+26,0,-1.838374083219463e-07
1058362.6854341556,-3.5102740095088581e+26,3.5102740105989463e+26,0,-1.8382948520063226e-07
1062362.6854341556,-4.3648505410308309e+26,4.364850614246278e+26,0,-1.8381875339631082e-07
1065562.6854341556,-3.4736468315472684e+26,3.4736468314342146e+26,0,-1.8381092910070201e-07
1068122.6854341556,-2.7673428517097458e+26,2.767342853369628e+26,0,-1.8380467476594458e-07
1072122.6854341556,-4.3035429330184851e+26,4.3035429388243834e+26,0,-1.8379490986721269e-07
1075322.6854341556,-3.4250404862427115e+26,3.4250404862316181e+26,0,-1.8378719581904729e-07
1077882.6854341556,-2.7287360682533577e+26,2.7287360700717262e+26,0,-1.8378102809557736e-07
1081882.6854341556,-4.2437094980900137e+26,4.2437095001342601e+26,0,-1.8377144652115821e-07
1085082.6854341556,-3.3775988589014093e+26,3.3775988607164467e+26,0,-1.8376381888580737e-07
1087642.6854341556,-2.6910517990821921e+26,2.691051808798175e+26,0,-1.8375764080639049e-07
1089690.6854341556,-2.1458289384732855e+26,2.1458289491834764e+26,0,-1.8375267843447106e-07
1092967.4854341557,-3.4204441456995824e+26,3.420444145514371e+26,0,-1.8374498039776658e-07
1095588.9254341556,-2.7250133211040668e+26,2.725013324098517e+26,0,-1.8373880946316714e-07
1099588.9254341556,-4.1387672938519626e+26,4.1387672953091069e+26,0,-1.837294756616705e-07
1102788.9254341556,-3.2943808669747929e+26,3.2943808683285885e+26,0,-1.8372204443214211e-07
1105348.9254341556,-2.6249430959008824e+26,2.6249431048627746e+26,0,-1.8371602713553411e-07
1107396.9254341556,-2.0932373941574818e+26,2.093237397645547e+26,0,-1.8371127378789338e-07
1109035.3254341555,-1.6703124806172217e+26,1.6703124846134901e+26,0,-1.8370746614042786e-07
1110346.0454341555,-1.333523365992038e+26,1.3335233690096949e+26,0,-1.8370442846693833e-07
1111394.6214341554,-1.0650792194651502e+26,1.0650792317112462e+26,0,-1.8370188188445569e-07
1113072.3430341552,-1.7009210440736258e+26,1.7009210505066927e+26,0,-1.8369797590192817e-07
1114414.5203141551,-1.3579052796252374e+26,1.3579052841581491e+26,0,-1.8369486511875409e-07
1116562.003962155,-2.1674347157522235e+26,2.1674347270410217e+26,0,-1.8368985037645825e-07
1118279.9908805548,-1.7293467070260359e+26,1.7293467111313807e+26,0,-1.8368590945381056e-07
1121028.7699499945,-2.7584924100578823e+26,2.7584924126503833e+26,0,-1.8367967205720145e-07
1123227.7932055462,-2.1993344784255453e+26,2.1993344950782299e+26,0,-1.8367452067871121e-07
1126746.230414429,-3.5052354695255168e+26,3.5052354712288919e+26,0,-1.8366661530133227e-07
1130746.230414429,-3.9646667359345474e+26,3.9646667358668917e+26,0,-1.8365769900569694e-07
1133946.230414429,-3.1562928955496268e+26,3.1562928968063411e+26,0,-1.8365058526443282e-07
1135947.780428174,-1.9672848650724244e+26,1.9672848672728025e+26,0,-1.8364613426868821e-07
1137549.0204391698,-1.5700098902997512e+26,1.5700098988846717e+26,0,-1.8364249864569923e-07
1138830.0124479665,-1.2535736840531605e+26,1.2535736883727237e+26,0,-1.8363962692544511e-07
1139854.8060550038,-1.001305770861069e+26,1.0013057746169805e+26,0,-1.8363732942856349e-07
1140674.6409406336,-8.0005298899281487e+25,8.0005300020507611e+25,0,-1.8363539320530338e-07
1141986.3767576411,-1.2782558808660502e+26,1.2782558953639712e+26,0,-1.8363234157985986e-07
1144085.1540648537,-2.0405427577624632e+26,2.040542772569542e+26,0,-1.8362757239096621e-07
1147443.1977563931,-3.2529841982149126e+26,3.2529842162802728e+26,0,-1.8362003778244385e-07
1151443.1977563931,-3.8559069104564477e+26,3.8559069202204326e+26,0,-1.8361125007782009e-07
1155443.1977563931,-3.8354835643385309e+26,3.8354836245957298e+26,0,-1.8360189095923025e-07
1159443.1977563931,-3.8152474920344231e+26,3.8152474900121951e+26,0,-1.8359334060263245e-07
1163443.1977563931,-3.7951961002813866e+26,3.795196106259151e+26,0,-1.8358473817713178e-07
1166643.1977563931,-3.021842529641932e+26,3.0218425320079821e+26,0,-1.8357791855343245e-07
1170643.1977563931,-3.7595616613240813e+26,3.7595616631621521e+26,0,-1.8356944829929121e-07
1174643.1977563931,-3.7400151120104181e+26,3.7400151131270409e+26,0,-1.8356103156997976e-07
1177843.1977563931,-2.9780568888996922e+26,2.9780568910284638e+26,0,-1.8355431497108569e-07
1179882.6297832218,-1.8915553513304565e+26,1.8915553536497584e+26,0,-1.835500372445305e-07
1181514.1754046844,-1.50966016505187e+26,1.509660174082748e+26,0,-1.835465354400981e-07
1182819.4119018544,-1.2054428296979811e+26,1.2054428337693268e+26,0,-1.8354377781508737e-07
1183863.6010995903,-9.6289599701009197e+25,9.628960152781796e+25,0,-1.8354139134110398e-07
1184698.9524577791,-7.6938574084103436e+25,7.6938574669929158e+25,0,-1.8353959145323554e-07
1186035.5146308814,-1.2292998616749054e+26,1.2292998799575311e+26,0,-1.8353660652768031e-07
1188174.0141078446,-1.9624975530800484e+26,1.9624975651386721e+26,0,-1.8353205108474337e-07
1191595.6132709857,-3.1288348520540035e+26,3.1288348963608271e+26,0,-1.8352448180879118e-07
1195595.6132709857,-3.6404522997211301e+26,3.6404523005353205e+26,0,-1.8351629641369939e-07
1199595.6132709857,-3.6219678368296054e+26,3.6219678356466031e+26,0,-1.8350817769100978e-07
1202795.6132709857,-2.8843748140435014e+26,2.8843748167295001e+26,0,-1.8350166842243506e-07
1205355.6132709857,-2.2991125471945669e+26,2.2991125492651143e+26,0,-1.8349648112641799e-07
1207403.6132709857,-1.833952775558267e+26,1.8339527783602555e+26,0,-1.8349232946621277e-07
1210680.4132709857,-2.9245131111347958e+26,2.9245131135755416e+26,0,-1.8348573421094529e-07
1214680.4132709857,-3.553705845032428e+26,3.5537058469243418e+26,0,-1.8347773379703977e-07
1218680.4132709857,-3.535979539989669e+26,3.5359795414688984e+26,0,-1.8346977891371289e-07
1221609.3641903352,-2.5780241499372217e+26,2.5780241519677582e+26,0,-1.834639679271189e-07
1223952.5249258147,-2.0556754401401071e+26,2.0556754467742984e+26,0,-1.8345927325295153e-07
1225827.0535141984,-1.6402464333820096e+26,1.640246436927581e+26,0,-1.8345554887089633e-07
1227326.6763849054,-1.3094603090138962e+26,1.3094603118392424e+26,0,-1.8345257575041001e-07
1228708.2777019639,-1.2042589510800396e+26,1.2042589540008021e+26,0,-1.8344983762924461e-07
1230918.8398092575,-1.9225495583832403e+26,1.9225495655359799e+26,0,-1.8344543604352453e-07
1234455.7391809274,-3.0652170111937433e+26,3.0652170138218489e+26,0,-1.8343852614488761e-07
1237285.2586782633,-2.4426066680751781e+26,2.4426066710125385e+26,0,-1.8343300985183581e-07
1239548.8742761321,-1.9479999987661897e+26,1.9480000020988511e+26,0,-1.834285986869161e-07
1241359.7667544272,-1.5545244368199834e+26,1.5545244397814046e+26,0,-1.8342507498914617e-07
1244257.1947196994,-2.4801089290412191e+26,2.4801089317054959e+26,0,-1.8341947871162086e-07
1248257.1947196994,-3.4095447780665921e+26,3.4095449287222127e+26,0,-1.8340998807099794e-07
1252257.1947196994,-3.3930495174803841e+26,3.3930495186581301e+26,0,-1.8340236321111969e-07
1255457.1947196994,-2.7026560454491321e+26,2.7026560473821196e+26,0,-1.8339627808979633e-07
1259457.1947196994,-3.3637056980158226e+26,3.3637056997398864e+26,0,-1.8338871349091604e-07
1262657.1947196994,-2.6793576603262571e+26,2.6793576630555467e+26,0,-1.8338267177882921e-07
1264509.5719984642,-1.5463090265846576e+26,1.5463090289018622e+26,0,-1.8337917609643721e-07
1265991.4738214761,-1.2345848998788114e+26,1.2345849054615942e+26,0,-1.8337633957033637e-07
1268362.5167382946,-1.97080126728478e+26,1.9708012705620991e+26,0,-1.8337188062002094e-07
1270259.3510717496,-1.5726386414022474e+26,1.5726386443271916e+26,0,-1.833683188820941e-07
1271444.2357314918,-9.8057269958669904e+25,9.8057270208720873e+25,0,-1.8336608985976495e-07
1272392.1434592856,-7.8346516511281757e+25,7.8346517075361322e+25,0,-1.8336426439678857e-07
1273150.4696415206,-6.261378838136632e+25,6.2613788820261546e+25,0,-1.8336280698574352e-07
1273757.1305873089,-5.0050503085865206e+25,5.0050503802859419e+25,0,-1.8336159724746271e-07
1274242.4593439391,-4.0014492489019646e+25,4.0014498631254876e+25,0,-1.833599492017769e-07
1275018.9853545481,-6.3975360206550162e+25,6.3975364985286605e+25,0,-1.8335793072313069e-07
1276261.4269715219,-1.0223833964200425e+26,1.0223834264377838e+26,0,-1.8335527177263293e-07
1278249.3335586805,-1.6326926739895384e+26,1.6326927063619377e+26,0,-1.8335121599504097e-07
1281429.9840981341,-2.6043541611616505e+26,2.6043541934105317e+26,0,-1.8334498388928734e-07
1285429.9840981341,-3.2614367476503455e+26,3.2614367818551682e+26,0,-1.8333725553034413e-07
1289429.9840981341,-3.2461674385800138e+26,3.2461674827157121e+26,0,-1.8332944060725673e-07
1293429.9840981341,-3.2310223056409117e+26,3.2310223426352586e+26,0,-1.8332174754039353e-07
1297429.9840981341,-3.2159998014862793e+26,3.2159999335361896e+26,0,-1.8331292681946239e-07
1301429.9840981341,-3.2010988367854386e+26,3.2010988471866936e+26,0,-1.8330562710781246e-07
1305429.9840981341,-3.1863176918839081e+26,3.1863176984552912e+26,0,-1.8329840789424198e-07
1309429.9840981341,-3.1716551195548067e+26,3.1716551201553352e+26,0,-1.8329129506731861e-07
1312629.9840981341,-2.5268458407689497e+26,2.5268458595512292e+26,0,-1.8328540499298069e-07
1315189.9840981341,-2.0148141445321225e+26,2.0148141467888543e+26,0,-1.8328086417698369e-07
1317237.9840981341,-1.607609386143475e+26,1.6076093928509209e+26,0,-1.8327718127717009e-07
1318876.384098134,-1.2833839198039223e+26,1.2833839228840025e+26,0,-1.8327426905293638e-07
1320187.104098134,-1.0249825481544195e+26,1.0249825642877588e+26,0,-1.8327177615066785e-07
1322284.256098134,-1.6367941853967059e+26,1.6367941917597556e+26,0,-1.832680324503192e-07
1325639.6992981341,-2.6107715134791324e+26,2.6107715258135665e+26,0,-1.8326203466244746e-07
1328324.0538581342,-2.0814785127341676e+26,2.0814785157709177e+26,0,-1.8325733616636469e-07
1332324.0538581342,-3.0899494751140181e+26,3.0899494766934431e+26,0,-1.8325039748821226e-07
1335524.0538581342,-2.4619467991333045e+26,2.4619468013599753e+26,0,-1.8324485757388831e-07
1338084.0538581342,-1.9631900713245332e+26,1.9631900744130163e+26,0,-1.832404241670332e-07
1340132.0538581342,-1.566497665896626e+26,1.5664976688217529e+26,0,-1.832368811206598e-07
1341770.4538581341,-1.250613863524209e+26,1.2506138665357473e+26,0,-1.8323404436305294e-07
1343081.1738581341,-9.9884252605408682e+25,9.9884253035651517e+25,0,-1.8323175557850841e-07
1345178.3258581341,-1.595110010349422e+26,1.5951100142149142e+26,0,-1.8322813731955385e-07
