# {"source": "PROTEUS coupled run, config tools/verification/data/coupled_config.toml with interior_energetics.aragog.core_bc = \"core_module\", planet.mass_tot = 5.0", "commits": {"PROTEUS": "93c88c3b", "aragog": "a8753af"}, "columns": ["Time", "T_cmb", "T_cmb_node", "F_cmb"]}
0,9626.839765,9626.839764,0
0,9626.839765,9626.839764,0
0,9626.839765,9626.839764,0
1,9626.839765,9626.839764,0
2,9626.83803,9603.294652,2295.703924
12,9626.761342,9531.34463,10148.97178
22,9626.548531,9462.018997,28164.22803
122.00022,9613.61844,8797.605815,171122.5022
222.00144,9560.814404,7133.029049,698826.0381
322.00366,9508.602866,7156.901233,690977.8527
422.0068801,9460.633677,7170.264049,634827.4201
522.0111001,9416.644683,7179.033132,582147.4252
622.0163202,9376.282812,7185.214276,534140.9985
722.0225404,9339.194273,7189.745498,490817.4603
822.0297606,9305.048138,7193.148948,451874.1724
922.0379809,9273.54317,7195.742844,416918.0373
1022.047201,9244.408906,7197.733451,385541.6607
1122.057422,9217.404302,7199.262698,357355.7314
1222.068642,9192.315315,7200.433036,332002.6541
1322.080863,9168.952253,7201.320593,309160.301
1422.094084,9147.147115,7201.983011,288541.7708
1522.108305,9126.751045,7202.464592,269893.1158
1622.123526,9107.632135,7202.799795,252990.4572
1722.139747,9089.673328,7203.015741,237637.0404
1822.156968,9072.770618,7203.134,223660.1674
1982.184523,9047.696032,7203.161946,207370.0445
2110.206566,9029.19292,7203.072432,191278.9234
2212.624201,9015.280567,7202.944817,179776.5254
2312.646327,9002.390033,7202.781022,170561.8629
2472.681729,8983.063509,7202.454375,159825.0103
2728.738372,8955.050855,7201.810473,144785.5581
2933.583687,8934.850406,7201.222298,130509.4855
3097.459938,8919.90793,7200.72086,120674.0045
3228.56094,8908.6493,7200.305845,113654.5102
3333.441741,8900.049895,7199.967323,108512.4663
3501.251022,8886.982371,7199.417171,103058.6661
3769.745873,8867.660164,7198.524496,95241.89442
3984.541754,8853.438921,7197.806843,87623.15524
4084.581599,8847.151114,7197.47307,83182.78842
4184.622445,8841.060903,7197.140123,80567.92825
4284.664291,8835.158013,7196.808318,78089.07514
4444.731245,8826.07952,7196.280481,75061.86146
4700.838371,8812.413405,7195.445697,70620.49461
4905.724072,8802.168744,7194.788079,66174.88424
5069.632633,8794.372008,7194.269251,62953.27563
5200.759482,8788.371192,7193.859112,60565.57591
5305.660961,8783.713201,7193.534256,58765.74192
5405.714018,8779.383014,7193.227164,57277.42279
5505.768075,8775.157963,7192.922791,55886.18271
5605.823132,8771.033714,7192.621166,54552.29401
5705.879191,8767.006177,7192.322308,53272.52188
5805.936249,8763.071491,7192.026234,52043.85887
5905.994309,8759.226006,7191.732951,50863.50662
6006.053369,8755.466267,7191.442464,49728.85918
6106.113429,8751.789003,7191.154772,48637.48591
6206.17449,8748.191118,7190.869869,47587.11794
6306.236552,8744.669672,7190.587747,46575.63617
6406.299615,8741.221876,7190.308392,45601.05804
6506.363678,8737.845083,7190.03179,44661.52829
6606.428741,8734.536774,7189.757922,43755.30868
6706.494805,8731.294556,7189.48677,42880.7693
6806.56187,8728.116151,7189.21831,42036.38041
6906.629936,8724.999389,7188.952522,41220.70572
7006.699002,8721.942201,7188.689381,40432.3945
7106.769069,8718.942617,7188.428862,39670.17636
7206.840137,8715.998754,7188.170941,38932.85569
7306.912205,8713.108816,7187.91559,38219.30534
7406.985275,8710.271088,7187.662782,37528.46287
7507.059344,8707.48393,7187.412492,36859.32576
7607.134415,8704.745772,7187.164691,36210.94744
7707.210486,8702.055113,7186.919352,35582.43355
7807.287558,8699.410516,7186.676447,34972.93835
7907.365631,8696.810605,7186.435947,34381.66177
8007.444705,8694.254059,7186.197826,33807.84635
8107.524779,8691.739614,7185.962056,33250.77457
8207.605855,8689.266057,7185.728608,32709.76598
8307.687931,8686.83222,7185.497455,32184.17559
8407.771008,8684.436986,7185.268569,31673.39086
8507.855085,8682.079279,7185.041925,31176.83037
8607.940164,8679.758067,7184.817494,30693.94142
8768.07629,8676.117618,7184.462949,30086.58159
8896.18519,8673.268133,7184.183278,29437.04625
8998.67231,8671.027403,7183.962041,28935.26495
9098.762297,8668.871462,7183.748094,28507.12279
9258.906276,8665.486445,7183.410069,27974.1826
9387.021459,8662.833706,7183.143393,27403.19061
9592.005752,8658.687351,7182.723506,26770.29026
9755.993186,8655.453623,7182.393505,26097.57083
10018.37308,8650.426055,7181.876172,25359.14342
10228.277,8646.527315,7181.471541,24581.64203
10564.12326,8640.503432,7180.840712,23737.94673
10832.80027,8635.862688,7180.350321,22859.36943
11262.68349,8628.743083,7179.591145,21918.58748
11606.59007,8623.298772,7179.005564,20951.23498
11881.71533,8619.092871,7178.550539,20231.85953
12321.91575,8612.620941,7177.846469,19457.65396
12674.07608,8607.656247,7177.303697,18657.75023
12955.80435,8603.811705,7176.882116,18060.14767
13406.56957,8597.880452,7176.23011,17414.18716
13767.18176,8593.318062,7175.727733,16744.00235
14055.6715,8589.77773,7175.337677,16241.29872
14286.4633,8587.01216,7175.032986,15858.84329
14471.09673,8584.840739,7174.793827,15564.70362
14618.80348,8583.129062,7174.605382,15336.58527
14855.13428,8580.436021,7174.309093,15080.99222
15044.19892,8578.320811,7174.076598,14806.43266
15195.45063,8576.65299,7173.893446,14593.39558
15437.45337,8574.028144,7173.605555,14354.58585
15824.65775,8569.935801,7173.157759,13987.46216
16444.18476,8563.646385,7172.472689,13435.6044
16939.80637,8558.827602,7171.950994,12867.50598
17732.80095,8551.47713,7171.161745,12267.38895
18367.19661,8545.888828,7170.567883,11658.0755
19382.22966,8537.433297,7169.681088,11024.72783
20194.2561,8531.05759,7169.022865,10391.19456
20843.87726,8526.182374,7168.526111,9932.09578
21883.2711,8518.760986,7167.781398,9449.572477
22714.78618,8513.130282,7167.225735,8961.894557
24045.21031,8504.628179,7166.399509,8457.529061
26173.88891,8492.155394,7165.189507,7754.620006
27876.83178,8483.034984,7164.269253,7087.964034
29239.18609,8476.213416,7163.538554,6626.762224
29582.13284,8474.557008,7163.353519,6392.163031
29856.49024,8473.248632,7163.204919,6311.363535
30075.97616,8472.212435,7163.085607,6248.030246
30251.5649,8471.390091,7162.989853,6198.175476
30392.03589,8470.736396,7162.913042,6158.79955
30504.41268,8470.216087,7162.851449,6127.617883
30604.71772,8469.753642,7162.796361,6101.607455
30705.02377,8469.293039,7162.741165,6077.253159
30805.33082,8468.834264,7162.685859,6053.069682
30905.63887,8468.377304,7162.630435,6029.055082
31005.94793,8467.922148,7162.57489,6005.207411
31106.25799,8467.468782,7162.519222,5981.524848
31206.56905,8467.017193,7162.46343,5958.005673
31306.88112,8466.567371,7162.407508,5934.648116
31407.19419,8466.119303,7162.351449,5911.450288
31567.6951,8465.406021,7162.26147,5881.53938
31824.49655,8464.273948,7162.116739,5834.237953
32235.37888,8462.485697,7161.883056,5759.943049
32892.79061,8459.68185,7161.503025,5644.482343
33418.71999,8457.487882,7161.192367,5520.904284
34260.207,8454.064604,7160.675781,5383.961012
34933.39661,8451.400069,7160.249221,5238.312012
36010.49999,8447.266784,7159.552739,5078.613529
36872.18269,8444.069475,7158.984468,4910.713211
37561.52885,8441.578075,7158.52318,4783.143434
38664.4827,8437.708621,7157.773328,4643.009801
39546.84579,8434.711512,7157.163413,4495.338823
40252.73626,8432.373807,7156.669311,4382.87981
40817.44863,8430.540579,7156.27021,4296.318162
41269.21853,8429.096929,7155.948551,4229.140371
41630.63445,8427.956337,7155.689735,4176.671881
41919.76718,8427.052861,7155.481747,4135.486949
42151.07337,8426.335752,7155.314768,4103.032013
42521.16327,8425.198709,7155.046528,4066.090638
42817.23519,8424.298091,7154.831001,4025.784855
43290.95027,8422.873459,7154.484464,3980.088053
44048.89439,8420.634879,7153.925793,3908.794197
45261.60498,8417.153605,7153.021645,3799.1651
46231.77345,8414.453518,7152.289762,3683.306287
47784.043,8410.281515,7151.104176,3557.007375
49025.85865,8407.067871,7150.143903,3424.899591
50019.31116,8404.571931,7149.368829,3325.020838
51608.83518,8400.709568,7148.117293,3215.831675
52880.4544,8397.729711,7147.107028,3101.312613
53706.08876,8395.844703,7146.447257,3021.570826
54366.59624,8394.363855,7145.91746,2967.153993
54895.00223,8393.196092,7145.492441,2924.784881
55317.72702,8392.272479,7145.151713,2891.609411
55655.90685,8391.540256,7144.878695,2865.517248
55926.45071,8390.958687,7144.660013,2844.924193
56142.88581,8390.496098,7144.484902,2828.626301
56489.18195,8389.760829,7144.204426,2809.995905
56766.21887,8389.176887,7143.979791,2789.582038
56987.8484,8388.712439,7143.799926,2773.427773
57342.45566,8387.974269,7143.511861,2754.963637
57909.82727,8386.80568,7143.050272,2725.848093
58817.62184,8384.967161,7142.310112,2680.326959
60270.09316,8382.102603,7141.122246,2610.100928
61432.07021,8379.876362,7140.169287,2535.607066
63291.23349,8376.42896,7138.640775,2454.039725
64778.56412,8373.767323,7137.415563,2368.364332
67158.29313,8369.675378,7135.452776,2275.671441
69062.07633,8366.54027,7133.881965,2179.426603
72108.12946,8361.760454,7131.370838,2076.734502
74544.97196,8358.130351,7129.366333,1971.509129
76494.44596,8355.34114,7127.766902,1893.525887
78054.02516,8353.179043,7126.490622,1834.741922
80549.35188,8349.840501,7124.455564,1770.666288
82545.61326,8347.270741,7122.834452,1703.657594
84142.62236,8345.276048,7121.542411,1653.011866
85420.22964,8343.717704,7120.512067,1614.259588
86442.31546,8342.494146,7119.689979,1584.325259
87259.98412,8341.529691,7119.033749,1561.031425
88568.25398,8340.012449,7117.986507,1534.846275
89614.86986,8338.820971,7117.151186,1506.62778
90452.16257,8337.881685,7116.484544,1484.663614
91121.99674,8337.138958,7115.952279,1467.469775
92193.7314,8335.966339,7115.10262,1448.027902
93051.11914,8335.041896,7114.424656,1426.954315
94422.93951,8333.58735,7113.34322,1403.257727
96617.8521,8331.320734,7111.621527,1366.683361
100129.7123,8327.840916,7108.889301,1311.374141
104129.7123,8324.081465,7105.811653,1243.860368
107329.7123,8321.218175,7103.376168,1184.193378
111329.7123,8317.805193,7100.36518,1129.226942
114529.7123,8315.198253,7097.982965,1078.172772
117089.7123,8313.186543,7096.094055,1039.99832
119137.7123,8311.622007,7094.593617,1011.027021
122414.5123,8309.197449,7092.212452,979.2419721
125035.9523,8307.324058,7090.324612,945.7921529
129035.9523,8304.572126,7087.472772,910.5105453
133035.9523,8301.94091,7084.655036,870.570073
136235.9523,8299.917209,7082.424909,836.9580441
138795.9523,8298.347373,7080.655944,811.5616838
140843.9523,8297.121569,7079.250329,792.1337638
142482.3523,8296.159501,7078.13189,777.1292237
143481.2222,8295.580857,7077.45264,766.6714137
144280.3181,8295.122167,7076.910659,759.6756937
144919.5949,8294.757882,7076.47798,754.153335
145431.0163,8294.468143,7076.132414,749.7821513
145840.1534,8294.237424,7075.85633,746.3146949
146167.4631,8294.05353,7075.635698,743.5594024
146691.1586,8293.760551,7075.283121,740.397081
147110.115,8293.527269,7075.001443,736.9180562
147445.2802,8293.341344,7074.776346,734.1538641
147981.5444,8293.045149,7074.416643,730.9816671
148839.5671,8292.574497,7073.842273,725.9527222
150212.4035,8291.829679,7072.926221,718.023591
152408.9417,8290.658541,7071.468008,705.6288596
155923.4028,8288.835485,7069.15375,686.5128465
159923.4028,8286.83291,7066.547557,662.5763627
163923.4028,8284.90304,7063.970353,638.5212396
167123.4028,8283.408691,7061.929063,618.0298459
169683.4028,8282.243465,7060.308916,602.3895754
173683.4028,8280.474216,7057.799987,585.3777416
176883.4028,8279.101968,7055.812314,567.5312464
178258.1498,8278.523765,7054.963628,556.6284447
179357.9474,8278.065979,7054.286922,550.8801968
180237.7854,8277.702761,7053.746985,546.3500274
180941.6559,8277.414092,7053.315943,542.7688673
181504.7522,8277.184364,7052.971689,539.9310329
181955.2293,8277.001349,7052.696656,537.6778992
182315.611,8276.855424,7052.476865,535.8862535
182892.2217,8276.622842,7052.125635,533.8284692
183353.5102,8276.437565,7051.845036,531.5629818
183722.541,8276.289847,7051.620802,529.7616945
184017.7657,8276.171991,7051.441572,528.3277156
184490.1251,8275.984012,7051.155093,526.678842
185245.9003,8275.684741,7050.697465,524.0580112
186455.1405,8275.209698,7049.967144,519.9085966
188389.9249,8274.459175,7048.803416,513.3797739
191485.5798,8273.282133,7046.953569,503.2072364
195485.5798,8271.80299,7044.585056,489.3923731
199485.5798,8270.368811,7042.240595,474.5159091
203485.5798,8268.977451,7039.91972,460.3484492
207485.5798,8267.626907,7037.621994,446.8441006
211485.5798,8266.315302,7035.346997,433.9607566
214685.5798,8265.292867,7033.543087,422.8564029
218685.5798,8264.046989,7031.30797,412.2140418
221885.5798,8263.075039,7029.535433,401.9772483
224445.5798,8262.312759,7028.127204,394.0774891
228445.5798,8261.147943,7025.944003,385.393661
231645.5798,8260.238344,7024.212253,376.1900193
234205.5798,8259.524423,7022.836172,369.0773388
236253.5798,8258.961854,7021.741187,363.540551
239530.3798,8258.07716,7019.99993,357.3143992
242151.8198,8257.382699,7018.616286,350.6025669
245982.3999,8256.388482,7016.609138,343.4980083
249982.3999,8255.37546,7014.531504,335.1705633
253182.3999,8254.582897,7012.882592,327.7868982
255742.3999,8253.959914,7011.57177,322.0645928
259742.3999,8253.005595,7009.538162,315.748319
262942.3999,8252.258391,7007.923864,309.0269818
265502.3999,8251.670715,7006.640368,303.8121949
269502.3999,8250.769887,7004.648846,298.0499612
273502.3999,8249.889623,7002.674087,291.2462312
276702.3999,8249.199724,7001.106172,285.3271303
280702.3999,8248.35465,6999.160935,279.6029334
283902.3999,8247.692013,6997.616317,274.0519491
287902.3999,8246.879955,6995.699807,268.6796014
291102.3999,8246.242913,6994.177862,263.4661747
293662.3999,8245.741126,6992.967426,259.4102813
295710.3999,8245.344607,6992.003589,256.2365772
297348.7999,8245.03048,6991.235385,253.7418349
299470.9949,8244.627612,6990.244098,251.2378342
302866.5068,8243.992264,6988.666778,247.6359678
305582.9164,8243.491991,6987.412582,243.7355845
307756.044,8243.096782,6986.414076,240.6851448
309494.5461,8242.783763,6985.618347,238.2882707
312276.1495,8242.28865,6984.350818,235.5679758
314501.4322,8241.897536,6983.341743,232.608561
316281.6584,8241.587772,6982.537623,230.283362
317705.8393,8241.341935,6981.896319,228.4496953
319984.5288,8240.95219,6980.873893,226.3610664
321807.4804,8240.643536,6980.059168,224.0806449
324724.203,8240.155392,6978.7615,221.4930385
327057.581,8239.769839,6977.728535,218.6785373
330790.9859,8239.161921,6976.085232,215.5000703
333777.7098,8238.683352,6974.778855,212.0591942
336167.0889,8238.305353,6973.738979,209.3689131
338078.5922,8238.006007,6972.910391,207.2555158
341136.9974,8237.532595,6971.590715,204.8574925
343583.7216,8237.158687,6970.540299,202.2492672
345541.101,8236.86259,6969.703341,200.2004588
347107.0045,8236.627625,6969.035919,198.5850446
349612.4501,8236.255163,6967.971976,196.7453451
351616.8066,8235.960235,6967.124281,194.7370731
354823.7769,8235.49387,6965.774302,192.4587926
358823.7769,8234.921499,6964.101294,189.3760628
362023.7769,8234.470868,6962.771406,186.3707967
364583.7769,8234.11491,6961.712882,184.0207474
368583.7769,8233.566633,6960.068404,181.4039948
372583.7769,8233.027772,6958.435319,178.2890754
375783.7769,8232.60329,6957.13694,175.5561147
378343.7769,8232.267842,6956.103352,173.4173225
380391.7769,8232.002086,6955.279724,171.7359182
383668.5769,8231.581603,6953.967858,169.8266711
386290.0169,8231.249332,6952.923576,167.7485549
388387.1689,8230.986105,6952.091454,166.1149747
390064.8905,8230.777156,6951.427855,164.8262169
392749.2451,8230.445818,6950.369948,163.3576908
396749.2451,8229.958765,6948.802249,161.1474873
399949.2451,8229.574758,6947.555508,158.8166033
403949.2451,8229.101629,6946.006235,156.5404852
407149.2451,8228.728511,6944.774053,154.313659
409709.2451,8228.433392,6943.792888,152.5681879
411757.2451,8228.199423,6943.010863,151.1942715
415034.0451,8227.828941,6941.76495,149.6322361
417655.4851,8227.535926,6940.772898,147.9299362
419752.6371,8227.303638,6939.982226,146.5901311
421430.3587,8227.119149,6939.351576,145.532108
424114.7133,8226.826413,6938.346,144.3253319
428114.7133,8226.3957,6936.855417,142.506827
432114.7133,8225.971426,6935.374116,140.3762252
435314.7133,8225.636542,6934.19568,138.5007216
437874.7133,8225.371481,6933.257117,137.0288251
439922.7133,8225.161228,6932.508923,135.8691258
441561.1133,8224.99416,6931.912057,134.9525577
443685.8166,8224.778988,6931.140256,134.0273721
447085.3419,8224.438155,6929.910558,132.6877771
449804.9622,8224.16849,6928.931355,131.2271462
451891.4945,8223.96338,6928.182818,130.0977225
453560.7204,8223.800391,6927.585679,129.2259035
456231.4819,8223.541618,6926.633361,128.2305998
458368.091,8223.336357,6925.874238,127.1414309
460077.3783,8223.173261,6925.268678,126.2806522
461444.8082,8223.043488,6924.785336,125.5986845
463632.6959,8222.837142,6924.014021,124.8182904
465383.0061,8222.673198,6923.398762,123.9622892
468183.5024,8222.412953,6922.417637,122.985325
472183.5024,8222.045586,6921.023239,121.5480567
476183.5024,8221.683229,6919.636939,119.8901645
479383.5024,8221.396879,6918.533662,118.4279681
483383.5024,8221.043274,6917.161687,116.9948514
486583.5024,8220.76379,6916.069743,115.5880342
489143.5024,8220.542344,6915.199761,114.4818655
491191.5024,8220.366537,6914.506044,113.6090122
494468.3024,8220.087709,6913.400258,112.6142021
497089.7424,8219.8668,6912.519288,111.5274003
499186.8944,8219.691431,6911.816836,110.6699317
500864.616,8219.551996,6911.256353,109.9914896
502206.7933,8219.440994,6910.808908,109.4534916
504354.277,8219.26439,6910.094727,108.8372845
506072.2639,8219.123985,6909.524911,108.1607605
507446.6534,8219.012218,6909.07003,107.6243509
508546.1651,8218.923159,6908.706746,107.1982677
509425.7744,8218.852136,6908.416515,106.8593326
510833.1492,8218.738915,6907.952873,106.4699097
513084.9491,8218.558812,6907.212906,105.8515806
514886.3889,8218.415654,6906.622572,105.1729207
517768.6927,8218.188289,6905.681049,104.397747
520074.5357,8218.007876,6904.930483,103.5490441
523763.8845,8217.721908,6903.734442,102.5826645
526715.3635,8217.495487,6902.781886,101.5279092
529076.5468,8217.315833,6902.022555,100.6965021
532854.44,8217.031088,6900.812605,99.74992661
535876.7545,8216.805652,6899.849021,98.71690661
538294.6062,8216.62679,6899.080932,97.90272685
542163.1688,8216.343321,6897.857085,96.97587257
545258.0189,8216.118911,6896.882486,95.964492
547733.899,8215.940874,6896.105651,95.16745988
551695.3071,8215.65873,6894.867927,94.26023136
554864.4336,8215.435385,6893.882332,93.27038097
557399.7348,8215.258203,6893.096765,92.49040621
561399.7348,8214.98132,6891.862575,91.61022547
564599.7348,8214.762123,6890.879782,90.65503418
568599.7348,8214.490964,6889.656938,89.71618232
571799.7348,8214.276271,6888.683141,88.79216538
574359.7348,8214.105926,6887.906946,88.06386737
576407.7348,8213.97054,6887.287797,87.48808843
578046.1348,8213.862797,6886.793629,87.03179185
579356.8548,8213.776961,6886.399027,86.66949166
581454.0068,8213.640282,6885.769015,86.25399315
583131.7284,8213.531518,6885.266197,85.79723956
584473.9057,8213.444874,6884.864701,85.43461937
586621.3893,8213.306919,6884.223706,85.01880316
590057.3631,8213.087901,6883.201671,84.36029512
594057.3631,8212.835543,6882.017338,83.49562617
597257.3631,8212.63565,6881.074072,82.67138781
601257.3631,8212.388234,6879.900192,81.86053405
605257.3631,8212.143498,6878.732042,80.97412535
609257.3631,8211.901394,6877.569564,80.10295006
612457.3631,8211.709577,6876.64363,79.33140619
615017.3631,8211.5573,6875.905453,78.72272188
619017.3631,8211.321435,6874.75659,78.03904401
622217.3631,8211.134532,6873.841455,77.29894932
626089.0397,8210.910492,6872.738893,76.58328109
630089.0397,8210.681397,6871.6051,75.79889239
633289.0397,8210.499829,6870.701919,75.09240648
635849.0397,8210.355653,6869.981822,74.53480819
637897.0397,8210.240996,6869.407302,74.09350747
639535.4397,8210.149703,6868.948678,73.74348457
640846.1597,8210.076944,6868.582411,73.46537727
642943.3117,8209.961036,6867.997549,73.14621701
644621.0333,8209.868754,6867.530687,72.79512771
647305.3878,8209.72192,6866.785599,72.39297044
651305.3878,8209.50496,6865.679623,71.78364663
655305.3878,8209.290174,6864.578741,71.06481736
659305.3878,8209.077525,6863.482906,70.35746334
663305.3878,8208.86698,6862.392071,69.66133725
667305.3878,8208.658506,6861.306193,68.97619848
671305.3878,8208.45207,6860.225224,68.30181284
674505.3878,8208.288368,6859.363956,67.70371631
677065.3878,8208.15832,6858.677169,67.23129719
679113.3878,8208.05486,6858.129156,66.85717881
680751.7878,8207.97246,6857.69165,66.56029666
682062.5078,8207.906773,6857.34222,66.32431972
683111.0838,8207.854373,6857.063044,66.13650885
683949.9446,8207.812548,6856.839938,65.98687748
684621.0333,8207.779148,6856.661603,65.86756547
685694.7751,8207.72582,6856.376544,65.73015037
687412.762,8207.640779,6855.921155,65.51125976
690161.5411,8207.505435,6855.194335,65.16350711
694161.5411,8207.310056,6854.14061,64.64373029
698161.5411,8207.116513,6853.091519,64.03593691
702161.5411,8206.92478,6852.047022,63.43729054
706161.5411,8206.734829,6851.007082,62.84760644
709361.5411,8206.584134,6850.178386,62.32427509
713361.5411,8206.397324,6849.146556,61.80818767
717361.5411,8206.212224,6848.119179,61.24265361
721361.5411,8206.028808,6847.096221,60.68542041
725361.5411,8205.847052,6846.077643,60.13632434
728561.5411,8205.702825,6845.265912,59.64884524
732561.5411,8205.523996,6844.255132,59.16794874
735761.5411,8205.382081,6843.449591,58.6930572
739761.5411,8205.206102,6842.446492,58.22451947
742961.5411,8205.066439,6841.647051,57.7617788
745319.2879,8204.964164,6841.059743,57.40863404
747205.4853,8204.882726,6840.59094,57.14134451
750223.4012,8204.753122,6839.842774,56.83512011
752637.734,8204.650053,6839.245934,56.49883452
754569.2001,8204.567987,6838.769539,56.23212797
756114.3731,8204.502581,6838.38911,56.02023297
757350.5115,8204.450414,6838.085205,55.85164991
758339.4221,8204.408781,6837.84236,55.71737651
759921.6792,8204.342352,6837.454324,55.56290375
762453.2906,8204.236537,6836.834782,55.31721083
766453.2906,8204.070514,6835.859173,54.9307778
770453.2906,8203.905904,6834.887553,54.46319767
774453.2906,8203.742688,6833.919889,54.00203312
778453.2906,8203.580847,6832.956147,53.54716484
781653.2906,8203.452351,6832.187956,53.14297899
785653.2906,8203.292937,6831.231193,52.74389764
788853.2906,8203.16636,6830.468543,52.34947768
791413.2906,8203.065702,6829.860178,52.03738935
795413.2906,8202.909487,6828.912709,51.68582033
799413.2906,8202.754552,6827.968997,51.26209759
803413.2906,8202.600881,6827.02901,50.84398556
806613.2906,8202.478843,6826.279682,50.47231714
810613.2906,8202.327404,6825.346325,50.10520243
814613.2906,8202.177184,6824.41661,49.70227125
817813.2906,8202.057874,6823.675442,49.34403835
821813.2906,8201.909806,6822.752212,48.9901369
825013.2906,8201.792198,6822.016196,48.64019388
829013.2906,8201.646232,6821.099362,48.2944468
833013.2906,8201.501414,6820.186042,47.91486853
837013.2906,8201.357728,6819.276212,47.54012223
840213.2906,8201.243586,6818.550842,47.20684302
842773.2906,8201.152782,6817.972133,46.94296178
846773.2906,8201.011801,6817.070706,46.64550758
849973.2906,8200.899797,6816.352015,46.32236423
853973.2906,8200.760757,6815.456692,46.00298743
857973.2906,8200.622777,6814.564725,45.65224226
861973.2906,8200.485845,6813.67609,45.30583877
865173.2906,8200.377044,6812.967565,44.99766468
867733.2906,8200.290475,6812.402261,44.7535916
869781.2906,8200.22152,6811.950984,44.55989208
871419.6906,8200.166547,6811.590578,44.40592041
872730.4106,8200.122689,6811.302646,44.28337042
874827.5626,8200.05274,6810.842679,44.14248376
878183.0058,8199.94139,6810.108579,43.91860991
882183.0058,8199.809554,6809.236417,43.61948881
886183.0058,8199.678691,6808.367446,43.29786736
889383.0058,8199.574692,6807.674551,43.0116539
891943.0058,8199.491931,6807.121687,42.78491434
893991.0058,8199.426001,6806.680321,42.60493355
895629.4058,8199.373435,6806.327819,42.46184325
898250.8458,8199.289653,6805.764901,42.29752872
902250.8458,8199.162578,6804.908523,42.04420368
905450.8458,8199.061578,6804.225639,41.77140664
909450.8458,8198.936144,6803.374789,41.50160422
912650.8458,8198.836442,6802.696302,41.23454267
916650.8458,8198.712613,6801.850913,40.97039077
919850.8458,8198.614182,6801.176767,40.70890225
922410.8458,8198.535838,6800.638827,40.50168553
924458.8458,8198.473417,6800.209353,40.33716089
926097.2458,8198.423642,6799.866334,40.20633299
927407.9658,8198.383926,6799.592275,40.10217367
929505.1178,8198.320569,6799.15444,39.98239468
932860.561,8198.219682,6798.455584,39.79198805
936860.561,8198.100183,6797.625168,39.53744614
940860.561,8197.981513,6796.797655,39.26358151
944060.561,8197.887166,6796.137722,39.01971391
948060.561,8197.769962,6795.315386,38.77841884
951260.561,8197.676777,6794.659568,38.53947962
953820.561,8197.602595,6794.136221,38.3500751
955868.561,8197.543482,6793.718375,38.19965688
959145.361,8197.449328,6793.051354,38.02711664
961766.801,8197.374381,6792.519089,37.8374058
963863.953,8197.314663,6792.094138,37.68676187
965541.6746,8197.267039,6791.754727,37.56695999
966883.8519,8197.229037,6791.483549,37.47157166
969031.3355,8197.168413,6791.05031,37.36187034
972467.3094,8197.071865,6790.358775,37.1874654
975216.0884,8196.995026,6789.807002,36.99575375
979216.0884,8196.883836,6789.006363,36.78850402
982416.0884,8196.795414,6788.367801,36.56939972
986416.0884,8196.685542,6787.57202,36.35252029
989616.0884,8196.598164,6786.937322,36.13767937
992176.0884,8196.528591,6786.43079,35.96731889
996176.0884,8196.420464,6785.641506,35.77499784
999376.0884,8196.334469,6785.011975,35.56575821
1003376.088,8196.227601,6784.227418,35.35860869
1006576.088,8196.142603,6783.601648,35.15337467
1009136.088,8196.074919,6783.102226,34.99060873
1011184.088,8196.020972,6782.703449,34.86129588
1014460.888,8195.935025,6782.066808,34.71290738
1017082.328,8195.86659,6781.558731,34.54968825
1019179.48,8195.812048,6781.153057,34.42003004
1022534.924,8195.725157,6780.505431,34.27126215
1025219.278,8195.655976,6779.98861,34.10764434
1029219.278,8195.553432,6779.220587,33.9281477
1032419.278,8195.47186,6778.607969,33.73646251
1034979.278,8195.406896,6778.119022,33.58440985
1038979.278,8195.305909,6777.357072,33.41269639
1042179.278,8195.225572,6776.749286,33.22581201
1046179.278,8195.125709,6775.991758,33.04072085
1050179.278,8195.026462,6775.236666,32.83703014
1054179.278,8194.927825,6774.483996,32.63541828
1057379.278,8194.84935,6773.883593,32.45569091
1059939.278,8194.786845,6773.404375,32.31309619
1061987.278,8194.737017,6773.021704,32.19977247
1063625.678,8194.697266,6772.716016,32.10959093
1066247.118,8194.63387,6772.227744,32.00593404
1070247.118,8194.537618,6771.484655,31.84592658
1073447.118,8194.461035,6770.891876,31.67336636
1076007.118,8194.400032,6770.418731,31.53644166
1078055.118,8194.351399,6770.040903,31.42761373
1079693.518,8194.3126,6769.739078,31.34100332
1082314.958,8194.250718,6769.256968,31.24144362
1084412.11,8194.201386,6768.871994,31.13174228
1086089.832,8194.162031,6768.56447,31.04444507
1087432.009,8194.130618,6768.318742,30.97490224
1089579.493,8194.080487,6767.926114,30.89488373
1093015.467,8194.000607,6767.299277,30.7675824
1095764.246,8193.936994,6766.799016,30.62753444
1099764.246,8193.844884,6766.072949,30.4759856
1102964.246,8193.771583,6765.493718,30.3156141
1105524.246,8193.713188,6765.031365,30.18833427
1107572.246,8193.666629,6764.662142,30.08715517
1109210.646,8193.629482,6764.367184,30.00662133
1111832.086,8193.570229,6763.896026,29.91403432
1115832.086,8193.480249,6763.178926,29.77107552
1119032.086,8193.408637,6762.606832,29.6168515
1123032.086,8193.319585,6761.893684,29.46400993
1126232.086,8193.24871,6761.324734,29.31243702
1130232.086,8193.16057,6760.615498,29.16221443
1133432.086,8193.090418,6760.049662,29.0132311
1135992.086,8193.034526,6759.597983,28.89496512
1139992.086,8192.947597,6758.893986,28.76131026
1143992.086,8192.861157,6758.192116,28.59966966
1147992.086,8192.775202,6757.49236,28.43954878
1151992.086,8192.689725,6756.794706,28.28092828
1155992.086,8192.604724,6756.099143,28.12378906
1159992.086,8192.520193,6755.405658,27.96811235
1163192.086,8192.452904,6754.85236,27.82921708
1165752.086,8192.399286,6754.410669,27.71893784
1167800.086,8192.356527,6754.057921,27.63124513
1171076.886,8192.288363,6753.494639,27.53052521
1175076.886,8192.205568,6752.808889,27.39386562
1179076.886,8192.123222,6752.125163,27.24491739
1182276.886,8192.057668,6751.579631,27.11200687
1186276.886,8191.976123,6750.899518,26.98022577
1189476.886,8191.911202,6750.356862,26.84948171
1193476.886,8191.830444,6749.680327,26.71984206
1196676.886,8191.766149,6749.140519,26.59121654
1200676.886,8191.686165,6748.467525,26.4636711
1204676.886,8191.606606,6747.796484,26.32314005
1208676.886,8191.527467,6747.127384,26.18386509
1211876.886,8191.464457,6746.593494,26.05956054
1215876.886,8191.386067,6745.927862,25.93628688
1219876.886,8191.308088,6745.264141,25.8004484
1223876.886,8191.230515,6744.602321,25.66580916
1227076.886,8191.168748,6744.074227,25.54562967
1229636.886,8191.119519,6743.65262,25.45017316
1231684.886,8191.080253,6743.315887,25.37424378
1233323.286,8191.048915,6743.046854,25.31377725
1234634.006,8191.023892,6742.831853,25.26558028
1236731.158,8190.983944,6742.488268,25.2100906
1240086.601,8190.920251,6741.939593,25.12174309
1244086.601,8190.844681,6741.287221,25.00337948
1248086.601,8190.769496,6740.63669,24.8756985
1252086.601,8190.694694,6739.987988,24.74911961
1255286.601,8190.635126,6739.470338,24.63611403
1259286.601,8190.561005,6738.824906,24.5240137
1263286.601,8190.487257,6738.181277,24.40045243
1267286.601,8190.413879,6737.539441,24.27794509
1270486.601,8190.355441,6737.027258,24.16856401
1274486.601,8190.282722,6736.388628,24.06004887
1277686.601,8190.224807,6735.878997,23.95232945
1280246.601,8190.178641,6735.472104,23.86674576
1282294.601,8190.141813,6735.147107,23.79865437
1283933.001,8190.112418,6734.88744,23.74442
1285243.721,8190.088945,6734.679918,23.70118447
1287340.873,8190.051466,6734.348271,23.65139985
1290696.316,8189.991702,6733.81863,23.57212055
1294696.316,8189.920779,6733.188841,23.46587796
1298696.316,8189.850202,6732.560776,23.35123596
1301896.316,8189.793988,6732.059558,23.24885819
1304456.316,8189.749174,6731.659372,23.16750831
1306504.316,8189.713423,6731.339726,23.10277896
1308142.716,8189.684886,6731.084329,23.05121836
1309453.436,8189.662097,6730.880216,23.01011176
1311550.588,8189.62571,6730.554014,22.96277555
1314906.031,8189.567682,6730.033056,22.88738883
1318906.031,8189.498813,6729.413572,22.78635085
1322106.031,8189.443954,6728.91919,22.68816021
1324666.031,8189.400219,6728.524453,22.61012966
1326714.031,8189.365326,6728.209153,22.54803656
1328352.431,8189.337473,6727.957227,22.49857275
1329663.151,8189.31523,6727.755886,22.45913583
1331760.303,8189.279713,6727.43411,22.41372004
1335115.746,8189.223069,6726.920209,22.34138686
1339115.746,8189.155838,6726.309103,22.24443232
1342315.746,8189.10228,6725.821395,22.15020021
1346315.746,8189.035616,6725.213226,22.05667562
1350315.746,8188.969264,6724.606678,21.95353745
1354315.746,8188.90322,6724.001745,21.85122432
1358315.746,8188.837484,6723.398418,21.74972732
1362315.746,8188.772052,6722.796691,21.64903765
1365515.746,8188.719923,6722.316455,21.55908818
1368075.746,8188.678359,6721.932998,21.48759224
1370123.746,8188.645196,6721.626699,21.43068985
1373400.546,8188.592296,6721.13748,21.36527693
1376021.986,8188.550119,6720.746864,21.2931975
1380021.986,8188.486006,6720.152128,21.21280449
1384021.986,8188.422184,6719.558951,21.11634741
1388021.986,8188.358651,6718.967327,21.02064378
1391221.986,8188.308031,6718.49514,20.93513704
1395221.986,8188.245013,6717.906291,20.85025054
1399221.986,8188.182278,6717.318974,20.75661442
1403221.986,8188.119824,6716.733182,20.66370193
1406421.986,8188.070062,6716.265641,20.58068245
1410421.986,8188.008108,6715.682574,20.49825874
1413621.986,8187.958742,6715.217205,20.41638302
1417621.986,8187.897282,6714.636841,20.33509188
1420821.986,8187.848308,6714.173625,20.25433847
1423381.986,8187.809253,6713.803736,20.19013605
1425429.986,8187.778089,6713.508263,20.13902833
1427068.386,8187.753208,6713.272163,20.09830387
1429689.826,8187.713491,6712.894917,20.05143209
1431786.978,8187.681799,6712.593576,19.99972088
1435142.422,8187.631243,6712.112267,19.94026949
1439142.422,8187.571216,6711.539846,19.86054677
1443142.422,8187.51145,6710.968878,19.77445454
1447142.422,8187.451941,6710.399358,19.68900748
1451142.422,8187.39269,6709.831278,19.60419898
1454342.422,8187.345471,6709.377847,19.52840252
1456902.422,8187.307813,6709.01576,19.46813242
1458950.422,8187.277761,6708.726511,19.42014949
1460588.822,8187.253767,6708.495379,19.38191147
1461899.542,8187.234602,6708.310645,19.35141553
1463996.694,8187.203993,6708.015388,19.31628552
1467352.137,8187.155161,6707.543782,19.2603116
1471352.137,8187.097175,6706.982877,19.18524222
1475352.137,8187.039435,6706.423373,19.10416242
1479352.137,8186.981937,6705.865263,19.02367694
1483352.137,8186.924682,6705.30854,18.94377986
1486552.137,8186.87905,6704.864157,18.87236205
1489112.137,8186.842654,6704.509285,18.81556617
1491160.137,8186.813607,6704.225792,18.77034444
1494436.937,8186.767262,6703.77295,18.71833733
1497058.377,8186.730299,6703.411335,18.66100575
1501058.377,8186.674091,6702.86068,18.5970281
1505058.377,8186.618115,6702.311379,18.52022348
1509058.377,8186.56237,6701.763426,18.4439708
