# {"source": "PROTEUS coupled run, config tools/verification/data/coupled_config.toml with interior_energetics.aragog.core_bc = \"core_module\", interior_struct.melting_dir = \"Wolf_Bower+2018\", interior_struct.zalmoxis.mantle_eos = \"WolfBower2018:MgSiO3\", interior_struct.zalmoxis.use_jax = false, planet.tsurf_init = 3294.0", "commits": {"PROTEUS": "93c88c3b", "aragog": "a8753af"}, "columns": ["Time", "T_cmb", "T_cmb_node", "F_cmb"]}
0,5094.045747,5094.045747,0
0,5094.045747,5094.045747,0
0,5094.045747,5094.045747,0
1,5094.045747,5094.045747,0
2,5094.042711,5056.919827,1262.306871
12,5093.90454,4940.655171,5745.739454
22,5093.524895,4833.707792,15787.32474
122.00022,5080.324953,4477.89602,54891.39193
222.00144,5063.56562,4405.105235,69692.2836
322.00366,5045.058255,4353.165786,76960.58716
422.0068801,5025.528383,4313.063279,81211.74737
522.0111001,5005.539695,4295.387614,83118.83779
622.0163202,4986.013687,4293.815132,81194.04842
722.0225404,4967.163619,4293.484928,78382.53682
822.0297606,4948.97762,4293.283825,75620.43531
922.0379809,4931.430593,4293.10647,72962.75096
1022.047201,4914.49818,4292.935188,70406.39985
1122.057422,4898.15878,4292.765453,67939.92693
1222.068642,4882.394579,4292.59516,65547.57946
1322.080863,4867.192693,4292.420007,63208.83569
1422.094084,4852.546335,4292.23888,60898.36245
1522.108305,4838.454227,4292.051766,58593.25572
1622.123526,4824.918189,4291.857438,56280.61899
1722.139747,4811.937677,4291.656362,53970.28483
1822.156968,4799.502901,4291.451657,51700.70163
1922.17519,4787.767671,4291.12085,48791.64427
2022.194412,4776.945448,4290.79601,44995.1962
2122.214634,4766.686238,4290.540719,42653.96097
2222.235856,4756.921828,4290.299326,40596.36834
2322.258078,4747.629514,4290.059648,38633.19729
2422.281301,4738.790163,4289.818607,36749.62023
2522.305524,4730.385074,4289.575163,34943.82081
2622.330747,4722.39574,4289.328943,33215.00885
2722.35697,4714.803834,4289.079923,31562.41613
2822.384194,4707.591245,4288.828335,29985.15393
2922.412417,4700.740117,4288.574613,28482.15411
3022.441642,4694.232901,4288.31935,27052.13946
3122.471866,4688.05241,4288.06322,25693.60722
3222.503091,4682.181871,4287.806903,24404.82828
3322.535316,4676.604981,4287.551018,23183.85277
3422.568541,4671.305953,4287.29608,22028.52989
3522.602767,4666.269555,4287.042492,20936.53112
3622.637993,4661.481158,4286.790557,19905.38288
3722.674219,4656.926747,4286.540507,18932.50255
3822.711446,4652.592952,4286.292531,18015.23547
3982.771009,4646.086317,4285.900489,16904.72131
4238.866309,4636.663325,4285.286554,15301.01861
4648.61879,4623.732077,4284.342323,13123.56835
5304.222759,4607.28201,4282.937379,10434.19815
6353.18911,4588.279488,4280.957673,7533.253368
8031.535271,4568.526295,4277.984789,4894.279221
9374.2122,4558.040653,4274.378915,3247.554926
11522.49529,4546.760818,4268.054925,2183.454864
11868.28648,4545.366534,4267.06663,1676.758335
12144.91944,4544.314717,4266.288203,1581.137236
12366.22581,4543.51094,4265.673834,1510.338604
12543.2709,4542.89061,4265.187905,1457.041976
12684.90698,4542.408187,4264.802805,1416.401118
12798.21584,4542.030778,4264.497087,1385.098192
12898.34382,4541.703391,4264.228693,1359.688262
12998.4728,4541.381588,4263.961959,1336.483069
13098.60279,4541.065228,4263.69689,1313.8663
13198.73378,4540.754173,4263.433492,1291.819065
13358.94335,4540.267197,4263.01554,1264.013853
13487.11102,4539.886807,4262.684267,1234.197152
13589.64515,4539.588188,4262.421225,1211.104515
13689.78104,4539.301308,4262.166026,1191.361688
13849.99848,4538.851788,4261.761174,1166.736997
14106.34637,4538.155856,4261.122225,1128.937971
14516.503,4537.098253,4260.122176,1072.274996
15172.75361,4535.535372,4258.577505,990.352065
15697.7541,4534.386805,4257.388845,909.7665246
16117.75449,4533.525924,4256.46661,852.3662268
16453.75481,4532.871138,4255.746419,810.3878164
16722.55506,4532.367551,4255.181131,779.0716463
17152.63546,4531.596757,4254.296014,745.2827674
17840.7641,4530.445339,4252.926814,695.8187307
18941.76992,4528.785932,4250.846396,626.7526035
19822.57458,4527.596876,4249.270134,561.3786395
21231.86204,4525.906608,4246.891767,498.7572265
22359.292,4524.711886,4245.102339,440.6669283
24163.17995,4523.036339,4242.422034,386.2602833
25606.2903,4521.867598,4240.420517,336.7844474
26760.77859,4521.023645,4238.900317,303.9918689
28607.95984,4519.814536,4236.60181,272.2005888
30085.70484,4518.953167,4234.869493,242.3946184
30685.44657,4518.626907,4234.191087,226.220758
31165.23995,4518.37478,4233.658043,218.5235586
31549.07465,4518.178493,4233.237608,212.6581896
31856.14242,4518.024797,4232.905005,208.1422239
32101.79663,4517.903911,4232.641272,204.6371326
32298.32,4517.808497,4232.431766,201.8994669
32612.75738,4517.658168,4232.099251,198.8108156
32864.3073,4517.539926,4231.835587,195.4704581
33065.54723,4517.446595,4231.626137,192.8613452
33226.53917,4517.372723,4231.459512,190.8133151
33484.12628,4517.255966,4231.19462,188.4912836
33896.26565,4517.072746,4230.775091,184.8686201
34555.68865,4516.788425,4230.114561,179.2988208
35610.76545,4516.354753,4229.084019,170.926826
37298.88834,4515.710238,4227.498248,158.7677657
39999.88494,4514.788038,4225.107159,141.9822971
42160.68223,4514.131819,4223.309716,126.289784
45617.95789,4513.205143,4220.619822,111.4620813
48383.77842,4512.554207,4218.612583,97.86961333
52383.77842,4511.727475,4215.905508,85.94847295
55583.77842,4511.146458,4213.885332,75.50443209
59583.77842,4510.502111,4211.517734,66.98736015
62783.77842,4510.041563,4209.734975,59.84914825
65343.77842,4509.703168,4208.372493,54.96902844
67391.77842,4509.449517,4207.319977,51.50379745
68378.38074,4509.332309,4206.824151,49.40243716
69167.6626,4509.240752,4206.432541,48.23836569
70430.51357,4509.098176,4205.815024,46.94921581
71440.79434,4508.987441,4205.328803,45.58025282
72249.01896,4508.900894,4204.944668,44.53007955
73542.17836,4508.766039,4204.338742,43.36597504
75611.23339,4508.559046,4203.390661,41.60225255
77266.47741,4508.400742,4202.650307,39.77053321
78590.67263,4508.278478,4202.0691,38.39552671
79650.02881,4508.183333,4201.610975,37.3489974
80497.51375,4508.108857,4201.248731,36.54395923
81175.5017,4508.050295,4200.961602,35.91955432
82260.28242,4507.95842,4200.507014,35.2199205
83128.107,4507.886488,4200.147524,34.46838805
83822.36667,4507.829917,4199.862548,33.88530278
84933.18213,4507.741147,4199.411322,33.23176852
86710.48687,4507.60341,4198.701139,32.22736482
89554.17445,4507.393347,4197.593673,30.71851669
90755.23359,4507.308206,4197.136111,29.47861381
91716.08091,4507.241545,4196.774253,28.85033528
93253.43661,4507.13747,4196.202822,28.15172651
94483.32118,4507.056413,4195.752177,27.40691694
95467.22883,4506.992925,4195.39571,26.83331636
97041.48107,4506.893759,4194.832648,26.19506244
99560.28466,4506.74098,4193.949748,25.22330493
100961.2321,4506.658979,4193.467914,24.3407412
102081.99,4506.594836,4193.087037,23.79953405
103875.2027,4506.494799,4192.485883,23.1987483
105309.7728,4506.416975,4192.012063,22.55927928
106198.9299,4506.369687,4191.72147,22.11580003
106910.2555,4506.332365,4191.490663,21.8185484
107479.3161,4506.302827,4191.30707,21.58528249
107934.5645,4506.279398,4191.160861,21.40150415
108298.7632,4506.260782,4191.044317,21.25626139
108590.1222,4506.245969,4190.95135,21.14118924
108823.2094,4506.234171,4190.877148,21.04984109
109196.1489,4506.215387,4190.758738,20.94510198
109792.8521,4506.18557,4190.57008,20.77925198
110747.5772,4506.138463,4190.270248,20.51824379
112275.1374,4506.064586,4189.795591,20.11143988
114719.2337,4505.950054,4189.04875,19.48693637
118629.7878,4505.775609,4187.884618,18.55040449
122629.7878,4505.607495,4186.73082,17.47745727
126629.7878,4505.448892,4185.611982,16.48859298
129829.7878,4505.328302,4184.740595,15.67089124
133829.7878,4505.184812,4183.679271,14.9175507
137029.7878,4505.075403,4182.851382,14.21792402
139589.7878,4504.991095,4182.201972,13.69494578
141637.7878,4504.925603,4181.690392,13.29818147
144914.5878,4504.824244,4180.886011,12.86307061
147536.0278,4504.746042,4180.254584,12.40540834
149633.1798,4504.685235,4179.756891,12.05758351
151310.9014,4504.637667,4179.363367,11.79032027
152653.0787,4504.600281,4179.051442,11.58320531
153715.569,4504.571097,4178.80631,11.42237457
155415.5536,4504.525139,4178.417333,11.24216807
156775.5413,4504.489009,4178.108966,11.04745316
157863.5314,4504.460503,4177.864043,10.89549963
159604.3156,4504.415611,4177.475378,10.72420727
160996.9429,4504.380316,4177.167243,10.53910711
162111.0448,4504.352468,4176.922494,10.39464356
163002.3263,4504.330432,4176.727803,10.28131752
164428.3767,4504.295615,4176.418319,10.15290894
166710.0574,4504.241006,4175.928223,9.952735738
168535.4019,4504.198262,4175.540545,9.737785902
171455.9531,4504.13155,4174.928164,9.498881582
173792.3941,4504.079611,4174.445069,9.244288805
175661.5469,4504.038941,4174.062831,9.048302437
177156.8692,4504.006951,4173.759693,8.89620481
178353.127,4503.981701,4173.51885,8.777418373
180267.1394,4503.941918,4173.136532,8.643412724
181798.3494,4503.910626,4172.833317,8.498496126
183023.3174,4503.885925,4172.592404,8.38531
184983.2661,4503.847006,4172.209957,8.257613219
188119.1841,4503.786227,4171.605582,8.05967328
192119.1841,4503.711251,4170.847705,7.794678878
195319.1841,4503.653226,4170.251541,7.540439315
197879.1841,4503.608001,4169.780877,7.346353206
199876.3709,4503.57343,4169.417453,7.198319974
201474.1203,4503.546209,4169.129041,7.084848289
202752.3198,4503.524705,4168.899776,6.996090814
204797.4391,4503.490791,4168.535614,6.895807851
206433.5345,4503.464088,4168.246606,6.787194775
207742.4108,4503.442993,4168.01686,6.702235111
208789.5118,4503.426285,4167.833987,6.635469093
209627.1927,4503.413024,4167.688272,6.582808517
210297.3373,4503.402483,4167.572071,6.541153072
211369.5688,4503.38574,4167.386829,6.493560867
213085.1392,4503.35926,4167.092163,6.418555344
215830.0517,4503.317666,4166.625024,6.301390116
219830.0517,4503.258697,4165.953571,6.130522953
223030.0517,4503.212868,4165.424087,5.955643769
224709.2002,4503.18928,4165.148904,5.841459268
226052.519,4503.170633,4164.930049,5.772522294
227127.1741,4503.155856,4164.75578,5.718290094
227986.8981,4503.144122,4164.616881,5.675479341
228674.6773,4503.134791,4164.50609,5.641592676
229775.1241,4503.119965,4164.329427,5.602850622
230655.4815,4503.108193,4164.188625,5.560393822
232064.0534,4503.089523,4163.964309,5.511992886
234317.7683,4503.060062,4163.607847,5.435934822
237923.7123,4503.013951,4163.043627,5.317668328
240808.4674,4502.97794,4162.597533,5.19104878
243116.2715,4502.949675,4162.24395,5.093129188
244962.5148,4502.927402,4161.963147,5.01686504
247916.5041,4502.892374,4161.517598,4.931062427
250279.6955,4502.864877,4161.164401,4.838521607
252170.2487,4502.843208,4160.883873,4.766434386
255195.1337,4502.809127,4160.438704,4.685317442
