# {"source": "PROTEUS coupled run, config tools/verification/data/coupled_config.toml with interior_energetics.aragog.core_bc = \"core_module\"", "commits": {"PROTEUS": "01222a80", "aragog": "bc738c8"}, "columns": ["Time", "T_cmb", "T_cmb_node", "F_cmb", "Phi_global", "E_core_residual_frac"]}
0.0,6088.233863710315,6088.233863661913,0.0,1.0,0.0
0.0,6088.233863710315,6088.233863661913,0.0,1.0,0.0
0.0,6088.233863710315,6088.233863661913,0.0,1.0,0.0
1.0,6088.233863710315,6088.233863661913,0.0,1.0,0.0
2.0,6088.231442342867,6069.248298819418,964.9194494345016,1.0,-0.008402183437840655
12.0,6087.948229934062,5948.447588302768,11358.146590558514,1.0,-0.002056733313301013
22.0,6087.045900515461,5839.789737760754,36241.47852078216,1.0,-0.0008848124507986377
122.00022,6050.144828938132,5441.693736811279,148284.33359282473,0.9572946599368277,-4.294572995229992e-05
222.0014400022,6010.479711542725,5345.371345745461,159392.5001850661,0.899384863593021,-2.0685751038749278e-05
322.00366001660007,5980.210773493248,5277.7573415681345,121633.18402368057,0.8523608505794994,-1.4635018309269395e-05
422.0068800532003,5959.390995454424,5222.915491474389,83661.70545363812,0.8114944065431939,-1.209731311743718e-05
522.0111001220008,5946.3076589213215,5175.945859860853,52573.96466806305,0.775133308144673,-9.622469760120413e-06
622.016320233002,5938.805156040589,5135.444281573084,30148.25552238875,0.7431585477183951,-7.457355422525497e-06
722.0225403962044,5934.728012192041,5098.584695156111,16383.562071051721,0.7129932289575284,-6.331421802641258e-06
822.0297606216084,5932.681016954323,5063.763895617752,8226.263261519129,0.684274810735232,-4.642364267538745e-06
922.0379809192145,5931.680506258212,5032.439383249221,4020.556342111327,0.6584610504313414,-4.083245070200126e-06
1022.0472012990238,5931.21813638825,5003.690804404685,1858.441214322351,0.63372888961844,-3.1543067641691732e-06
1122.0574217710368,5931.001715958824,4975.984665257065,869.1915197998917,0.6099193010249768,-3.7917035788280964e-06
1222.0686423452546,5930.900618460232,4950.158290802069,406.26223757481637,0.5879367651789601,-3.7143435182282583e-06
1322.080863031678,5930.850450688044,4927.961403479614,201.59282431789075,0.568203841137785,-3.684396371772417e-06
1422.0940838403085,5930.824007181723,4906.299159698744,106.32029530259663,0.5486763749997408,-3.5714046686961664e-06
1522.108304781147,5930.809742506178,4885.1774130046815,57.335897118468324,0.5296217735072742,-3.5372047485163454e-06
1682.1310582864885,5930.798758702942,4852.801032776829,27.577953311203938,0.49978800477982926,-3.54870203827118e-06
1938.167463895035,5930.7920616280035,4813.25652287825,10.51069392144003,0.4530257772503836,-3.5501363760513716e-06
2142.9965883818722,5930.789392868645,4795.739835209997,5.235771111130889,0.4134670784869971,-3.5501227307624446e-06
2306.859887971342,5930.787776075128,4787.299055357227,3.9649435077626305,0.3914129784968517,-3.550086221420791e-06
2406.8829565702217,5930.786904749854,4783.643830322004,3.500613536855615,0.3882836030247371,-3.550067945342424e-06
2506.9070253997875,5930.786090488729,4780.724881763943,3.2713206151656173,0.38669267776355387,-3.5500521048020373e-06
2606.9320944700416,5930.785319494409,4778.285778623107,3.097463720436904,0.38575652039084124,-3.5500372977078497e-06
2766.972204982448,5930.7841551286,4775.058532282879,2.9236442270725176,0.3848997903301602,-3.5500147339684474e-06
3023.0363818022984,5930.78242304698,4771.041260213959,2.7182128690476457,0.3842455278905028,-3.5499807966364433e-06
3432.7390647140587,5930.779879388923,4766.380502612045,2.4949046483101265,0.3838171874163083,-3.549927419636956e-06
4088.263357372875,5930.776172871563,4761.352588657144,2.272172998194053,0.3838171874163083,-3.5498434003404176e-06
4612.682791499928,5930.773418387821,4758.259549915584,2.1106948710659914,0.3838171874163083,-3.549786100596388e-06
5032.21833880157,5930.77132014345,4756.050208751449,2.009791796773614,0.3838171874163083,-3.549750183262872e-06
5367.846776642884,5930.7696982552125,4754.488843933191,1.9418948891897827,0.3838171874163083,-3.5497276609781753e-06
5636.349526915935,5930.768431813475,4753.365448154727,1.8953960245429966,0.3838171874163083,-3.5497111313487793e-06
5851.1517271343755,5930.767436239057,4752.540042092757,1.8625106657864556,0.3838171874163083,-3.5496941152986422e-06
6022.993487309128,5930.766650015252,4751.921380450922,1.8385750258029556,0.3838171874163083,-3.549679361409164e-06
6160.46689544893,5930.766027123519,4751.450839897186,1.8207816307853002,0.3838171874163083,-3.549666614498294e-06
6270.445621960771,5930.765532495095,4751.088876781096,1.8073174290694924,0.3838171874163083,-3.5496560777724393e-06
6370.508326416991,5930.765085182739,4750.77028112542,1.7963987134453043,0.3838171874163083,-3.549646388792455e-06
6470.5720315002545,5930.764640357,4750.461022735642,1.786394683146894,0.3838171874163083,-3.5496366906088945e-06
6570.63673722057,5930.764197928032,4750.1608507856945,1.776751692737217,0.3838171874163083,-3.549626922515089e-06
6670.702443587942,5930.763757809971,4749.869268224537,1.7674536523441384,0.3838171874163083,-3.549617193213351e-06
6770.769150612377,5930.763319923249,4749.585719627556,1.7584753415296597,0.3838171874163083,-3.549607475204941e-06
6870.836858303883,5930.762884192506,4749.309920276154,1.7497998147762683,0.3838171874163083,-3.549597798938928e-06
6970.905566672465,5930.76245054673,4749.041357127932,1.7414096509167758,0.3838171874163083,-3.5495881339432554e-06
7070.975275728131,5930.762018919501,4748.77968482983,1.733286381319269,0.3838171874163083,-3.5495784696313576e-06
7171.04598548089,5930.761589247982,4748.524513234432,1.7254155877423434,0.3838171874163083,-3.549568839431182e-06
7271.117695940745,5930.761161473468,4748.275449447039,1.7177806829462492,0.3838171874163083,-3.5495592402168856e-06
7371.190407117705,5930.760735540749,4748.032145930878,1.7103676350188375,0.3838171874163083,-3.5495496698595514e-06
7471.2641190217755,5930.760311398282,4747.794206245724,1.7031617220934447,0.3838171874163083,-3.5495401045498572e-06
7571.338831662966,5930.75988899798,4747.561277105079,1.6961490288219971,0.3838171874163083,-3.5495305757405974e-06
7671.414545051282,5930.759468295203,4747.332961265976,1.6893157615636822,0.3838171874163083,-3.5495210189800127e-06
7771.491259196733,5930.759049248793,4747.108863576632,1.6826478265395557,0.3838171874163083,-3.5495115473016108e-06
7871.568974109325,5930.758631821124,4746.888566814943,1.676131133451361,0.3838171874163083,-3.549502123180814e-06
7971.647689799065,5930.75821597806,4746.671656039711,1.6697516206206153,0.3838171874163083,-3.549492768287302e-06
8071.727406275963,5930.757801688992,4746.457687712869,1.6634951851085222,0.3838171874163083,-3.5494834159347103e-06
8171.808123550026,5930.757388926931,4746.246201073476,1.6573472212641356,0.3838171874163083,-3.5494740948233773e-06
8271.88984163126,5930.756977668539,4746.036722838791,1.6512930794206735,0.3838171874163083,-3.549464814761089e-06
8371.972560529677,5930.756567894225,4745.828744555953,1.6453177167372868,0.3838171874163083,-3.5494555829909863e-06
8472.056280255283,5930.756159588354,4745.621719865132,1.6394052567464896,0.3838171874163083,-3.549446383672068e-06
8572.141000818086,5930.75575273942,4745.415069259897,1.6335391406863757,0.3468079295873491,-3.5494371837523433e-06
8672.226722228095,5930.755347340198,4745.20817518406,1.6277021124353168,0.3468079295873491,-3.5494280378028087e-06
8772.313444495318,5930.754943387961,4745.000383229201,1.6218761547865437,0.3468079295873491,-3.549418929844351e-06
8872.401167629763,5930.754540884605,4744.791015365743,1.6160427109648354,0.3468079295873491,-3.5494098539723505e-06
8972.48989164144,5930.754139836644,4744.579393627394,1.610183224821919,0.3468079295873491,-3.5494008203143427e-06
9072.579616540357,5930.753740255025,4744.3648698860325,1.6042799009373319,0.3468079295873491,-3.5493918254096147e-06
9172.670342336523,5930.753342154726,4744.146856763272,1.5983165468153913,0.3468079295873491,-3.549382899656175e-06
9272.762069039947,5930.752945554179,4743.924855038455,1.5922793524672205,0.3468079295873491,-3.5493739727106245e-06
9372.854796660638,5930.752550474487,4743.698474948273,1.5861575200965023,0.3468079295873491,-3.5493650999439818e-06
9472.948525208605,5930.752156938608,4743.467449142785,1.5799436699336025,0.3468079295873491,-3.5493562373443102e-06
9573.043254693857,5930.751764970436,4743.231636654692,1.57363399398513,0.3468079295873491,-3.5493474197970464e-06
9673.138985126405,5930.751374593959,4742.991018497674,1.5672281628901974,0.3468079295873491,-3.549338612836135e-06
9773.235716516256,5930.750985832455,4742.745686518625,1.5607290293658118,0.3468079295873491,-3.5493297790745946e-06
9873.333448873422,5930.750598707779,4742.495827828373,1.5541421824797614,0.3272838482105621,-3.549321083426439e-06
9973.432182207911,5930.750213239891,4742.241706684922,1.547475419367436,0.3272838482105621,-3.549312403285045e-06
10073.531916529733,5930.749829446384,4741.983645981209,1.540738197639606,0.3272838482105621,-3.5493036815820588e-06
10173.632651848899,5930.749447342277,4741.722008204091,1.5339410924386545,0.3272838482105621,-3.5492944810414807e-06
10273.734388175417,5930.749066939597,4741.457169326177,1.5270951789366156,0.3272838482105621,-3.549285849153756e-06
10373.837125519298,5930.748688247883,4741.189504783888,1.5202114126702022,0.3272838482105621,-3.5492773014944248e-06
10473.940863890553,5930.748311273927,4740.919394075277,1.5133005693969706,0.3272838482105621,-3.5492687686565914e-06
10574.045603299191,5930.74793602189,4740.647208900268,1.5063731920728394,0.3272838482105621,-3.549260195721035e-06
10674.151343755224,5930.747562493456,4740.373296253638,1.4994391398095352,0.3272838482105621,-3.5492516704122216e-06
10774.258085268662,5930.747190688067,4740.0979829458565,1.492507464415466,0.3272838482105621,-3.5492431864149458e-06
10874.365827849515,5930.746820603094,4739.821571067001,1.4855864749742709,0.3272838482105621,-3.549234760835546e-06
10974.474571507793,5930.746452234053,4739.544336155141,1.4786836212925099,0.3272838482105621,-3.5492263953600872e-06
11074.58431625351,5930.7460855748095,4739.266527445548,1.4718055360560276,0.3272838482105621,-3.5492180805214866e-06
11174.695062096673,5930.745720617783,4738.988365948309,1.4649580167752236,0.3272838482105621,-3.549209811266382e-06
11274.806809047293,5930.7453573541625,4738.710044776689,1.4581460296823014,0.3272838482105621,-3.549201550222647e-06
11374.919557115383,5930.744995774074,4738.431732308736,1.4513737730879672,0.3272838482105621,-3.5491933564592383e-06
11475.033306310954,5930.744635866769,4738.153576810591,1.4446447984231967,0.3272838482105621,-3.5491852188781595e-06
11575.148056644017,5930.744277620749,4737.8757106828,1.4379621360363397,0.3272838482105621,-3.5491771122315142e-06
11675.263808124584,5930.743921023851,4737.598254575041,1.4313284104863544,0.3272838482105621,-3.5491690555913267e-06
11775.380560762665,5930.7435660633455,4737.321319075128,1.424745924374849,0.3272838482105621,-3.5491610266829687e-06
11875.498314568273,5930.743212726002,4737.045005227532,1.4182166881493998,0.3272838482105621,-3.5491530081203736e-06
11975.61706955142,5930.7428609981525,4736.769404338316,1.4117424347761347,0.3272838482105621,-3.5491450046772874e-06
12075.736825722115,5930.74251086578,4736.4945972308515,1.4053246131138981,0.3272838482105621,-3.5491369555641684e-06
12175.857583090372,5930.742162314539,4736.220654437526,1.3989643886479985,0.31346324168118905,-3.5491290267107306e-06
12275.979341666203,5930.741815329899,4735.947637192138,1.392662668066089,0.3132471335698628,-3.5491211365528144e-06
12376.102101459619,5930.741469897156,4735.675598398143,1.3864201265173939,0.3128911770433937,-3.5491132125538944e-06
12476.225862480633,5930.741126001474,4735.404583495684,1.3802372395207956,0.3124585411705374,-3.549105287539303e-06
12576.350624739258,5930.740783628112,4735.134631155645,1.3741143039882286,0.312002273419754,-3.549096309644169e-06
12676.476388245504,5930.740442761953,4734.865773655809,1.3680514545912286,0.31154363099402277,-3.5490873903426852e-06
12836.677609855498,5930.739900480603,4734.437948156969,1.3602634940895095,0.3108179078443099,-3.5490746979655172e-06
13092.999564431488,5930.7390406421055,4733.759593750785,1.3480166749098603,0.30969099158593993,-3.5490547364968667e-06
13503.11469175307,5930.737684348547,4732.6902971169675,1.3289605738420003,0.30797362180084137,-3.549023211311408e-06
13831.206793610336,5930.736615978502,4731.849037841398,1.3085493460191109,0.30667815326600495,-3.548998516641636e-06
14093.680475096147,5930.735771596155,4731.184888246413,1.2927589746344657,0.30569750176060095,-3.548978986357338e-06
14303.659420284795,5930.735102518895,4730.659070921048,1.2804561020405483,0.3049418342164416,-3.5489635618568095e-06
14639.625732586634,5930.734043574331,4729.8275513258395,1.2666063436551886,0.30380760936392354,-3.5489392684753623e-06
14908.398782428103,5930.733206418155,4729.170623018879,1.2516558116462742,0.30380760936392354,-3.5489202111684445e-06
15338.435662174454,5930.731884876061,4728.133914709412,1.2349217381803532,0.3014143012279561,-3.5488904621201965e-06
15682.465165971536,5930.730843024992,4727.316471187627,1.216953806710991,0.3005856924099024,-3.5488669402002047e-06
15854.046266700676,5930.730328384257,4726.912511523027,1.2053102885678977,0.3005856924099024,-3.5488552241425457e-06
15991.31114728399,5930.729919010207,4726.591062102681,1.19846411593789,0.3005856924099024,-3.54884585613414e-06
16101.123051750641,5930.72959299024,4726.334975372146,1.1930508399987374,0.3005856924099024,-3.5488383297284545e-06
16201.284062981158,5930.729296758698,4726.102210175804,1.1884944027483666,0.3005856924099024,-3.548829906252861e-06
16301.446075821788,5930.7290015983,4725.870206439695,1.1841841148918721,0.3005856924099024,-3.548823046178453e-06
16401.609090282545,5930.728707500579,4725.638951642746,1.179908803916571,0.3005856924099024,-3.54881628771553e-06
16501.77310637345,5930.7284144569885,4725.408433507059,1.175667920689302,0.3005856924099024,-3.5488095445990155e-06
16601.938124104512,5930.728122459097,4725.178640146483,1.1714609301442287,0.3005856924099024,-3.5488028481311457e-06
16702.104143485754,5930.727831498606,4724.949560064552,1.167287311994459,0.2967608583679034,-3.5487962025633576e-06
16862.369774495743,5930.727368105262,4724.5844925963465,1.1619128041309612,0.2965654255107759,-3.5487857225669864e-06
16970.436763826503,5930.72705711444,4724.3393237160635,1.1564282325228665,0.29647547498462923,-3.548778589224496e-06
17070.606468194143,5930.726769900985,4724.112774351503,1.1522124041014363,0.2963254827888727,-3.5487720362525526e-06
17170.777174258823,5930.726483687744,4723.886888975398,1.148188425618664,0.2961372207717911,-3.5487654234695733e-06
17270.948882030567,5930.726198467099,4723.661657927528,1.1441951188272272,0.29592811610523595,-3.5487586956333303e-06
17371.121591519386,5930.725914231615,4723.437071869983,1.140232048765428,0.2957085491180958,-3.5487513238075493e-06
17471.2953027353,5930.725630973792,4723.213121614493,1.136298789273614,0.2954836677716866,-3.548743879391888e-06
17631.573240680762,5930.72517978247,4722.856106260973,1.1312313524484088,0.2951181282460229,-3.5487317129881993e-06
17888.0179413935,5930.724462984904,4722.288144968087,1.1232263376616436,0.2945265282348959,-3.5487119264512613e-06
18298.329462533882,5930.723328925222,4721.387461534788,1.1106736086631313,0.2935778758686554,-3.5486844644509993e-06
18954.827896358493,5930.721546223777,4719.965880226363,1.0912120167145232,0.29207583671635756,-3.5486422225515534e-06
20005.22539047787,5930.718771422031,4717.737413037634,1.061554910958807,0.28973705581170095,-3.5485779448784107e-06
21685.861381068873,5930.714515968315,4714.277263102327,1.0175045567742753,0.28626021121533757,-3.5484812655265217e-06
23030.370173541676,5930.711261484502,4711.592525801326,0.9727083633242138,0.28626021121533757,-3.5484059241747616e-06
25181.58424149816,5930.706304378398,4707.434372430476,0.9259951289586701,0.28626021121533757,-3.5482958170616694e-06
26902.555495863347,5930.702539553153,4704.218751835475,0.8790941234743878,0.2738676816485984,-3.5482091994135755e-06
28279.3324993555,5930.699644575353,4701.711710381138,0.8449787233688741,0.2738676816485984,-3.5481439520912506e-06
29380.754102149225,5930.697398120707,4699.745601201231,0.819611833417824,0.2738676816485984,-3.5480927932232863e-06
31143.028666619186,5930.693923517385,4696.668993490066,0.792311190376271,0.26657474266534287,-3.5480148360846417e-06
32552.848318195156,5930.691242802865,4694.265835547112,0.7641016427541178,0.2634515438989595,-3.5479549118339876e-06
33680.70403945593,5930.689157391765,4692.378652338723,0.7430230327870584,0.2634515438989595,-3.5479078148100355e-06
34582.98861646455,5930.687524965868,4690.89065731545,0.7270329297944937,0.2634515438989595,-3.5478710060492567e-06
35304.81627807145,5930.686241066093,4689.713770526687,0.7147624921489419,0.2634515438989595,-3.547841819567555e-06
35882.278407356964,5930.6852275976735,4688.780708768403,0.7052626054090961,0.2594577315581895,-3.5478189002460555e-06
36344.248110785375,5930.684425336644,4688.039569207008,0.6978568878116118,0.258274651410424,-3.547800484871502e-06
36713.823873528105,5930.68378886597,4687.450008068381,0.6920525349212712,0.258274651410424,-3.547786064283338e-06
37009.48448372229,5930.6832830507465,4686.980479751751,0.6874840014640862,0.258274651410424,-3.547774448739023e-06
37246.012971877644,5930.68288052215,4686.606202355517,0.6838761497327173,0.258274651410424,-3.5477651668262326e-06
37435.23576240193,5930.682559844437,4686.307635392554,0.6810194383449473,0.2565392355838424,-3.547757785128556e-06
37586.61399482135,5930.682304156133,4686.069325961876,0.6787527464389241,0.25624060581151104,-3.5477519166788577e-06
37828.81916669243,5930.681896620577,4685.689031309822,0.6761549856645113,0.2557861278823618,-3.5477425954174106e-06
38022.5833041893,5930.681571968191,4685.385677211647,0.6733012187574823,0.25543890108863126,-3.5477349898110545e-06
38177.59461418679,5930.68131311964,4685.143554988446,0.6710371141470645,0.2551692182265725,-3.54772896352209e-06
38425.61271018277,5930.680900563251,4684.7571909368,0.6684426081344484,0.254750156107218,-3.547719439935989e-06
38822.44166377635,5930.68024452688,4684.141629332205,0.6643374462591818,0.2541041586419975,-3.547704390273524e-06
39457.36798952607,5930.679205064173,4683.16336062948,0.6578846080051775,0.25311587273063496,-3.5476808427947834e-06
40473.250110725625,5930.677567301975,4681.614785906276,0.6478458238358034,0.25161948474711704,-3.5476439745014484e-06
42098.66150464491,5930.67500904324,4679.178459043764,0.6324777844109825,0.24932569572290708,-3.5475874328603486e-06
43398.990619780336,5930.673014715366,4677.264822326685,0.6163216321532724,0.24932569572290708,-3.5475425121206823e-06
45479.51720399702,5930.6699143875885,4674.26575855627,0.5988230851888489,0.24437444981280393,-3.547470244539073e-06
45945.977769792305,5930.669233856253,4673.603624705151,0.5862695486105569,0.24437444981280393,-3.5474548572284066e-06
46319.146222428535,5930.66869313603,4673.076561125318,0.5822799558597409,0.24437444981280393,-3.5474425954038104e-06
46617.68098453752,5930.66826289794,4672.6565867211,0.5791327293643205,0.24437444981280393,-3.547432764813512e-06
46856.508794224705,5930.667920187264,4672.321672368229,0.5766428895475433,0.24437444981280393,-3.5474247214510475e-06
47047.57104197446,5930.6676469573795,4672.054418634566,0.5746686472570237,0.24437444981280393,-3.547418371633956e-06
47200.42084017426,5930.667428969971,4671.841047412854,0.5731004086556377,0.24437444981280393,-3.5474133303075458e-06
47322.7006787341,5930.667254959656,4671.670625750095,0.5718528926832411,0.24437444981280393,-3.54740929327414e-06
47423.17390574089,5930.667112232666,4671.530778643397,0.5708474487007043,0.24437444981280393,-3.5474057237779657e-06
47523.64813747995,5930.666969730098,4671.391094418564,0.569943964088614,0.24437444981280393,-3.5474024685290205e-06
47624.12337396132,5930.666827451186,4671.251572730011,0.5690437493675085,0.24437444981280393,-3.5473992216856966e-06
47724.59961519506,5930.666685395125,4671.112213193961,0.5681467878079406,0.24328400338201478,-3.5473959635453185e-06
47885.36160116904,5930.666458569901,4670.889577159745,0.5669857913943218,0.24294494108047737,-3.5473906840436453e-06
48013.97118994822,5930.666277519378,4670.711768010014,0.5657057667487616,0.24269247457438484,-3.54738651737582e-06
48116.858860971566,5930.666132939919,4670.569711904557,0.564686548601404,0.24250233892715928,-3.5473831641506482e-06
48217.340029560175,5930.66599196512,4670.4311420622,0.5637947197973444,0.24232434110749532,-3.5473798698964563e-06
48378.10989930195,5930.665766861798,4670.209765671898,0.5626540294747036,0.2420520892204069,-3.5473746344488544e-06
48635.34169088878,5930.665407857576,4669.856418520851,0.5608401542157605,0.24164065794258147,-3.547366300893059e-06
49046.91255742771,5930.664836394075,4669.293238073109,0.5579663668062238,0.24102650512853027,-3.547353344100316e-06
49705.425943890004,5930.6639294704155,4668.397660906673,0.5534397046909558,0.24012093307401744,-3.5473322513723486e-06
50232.23665305984,5930.663210382903,4667.686023966553,0.5485185332906568,0.23944342111029313,-3.5473158944730126e-06
51075.13378773157,5930.6620714932515,4666.556189636439,0.5429642651918642,0.23838808957999025,-3.547289586112854e-06
51749.45149546895,5930.661170465447,4665.659988450008,0.5369548469069005,0.2376173120247662,-3.5472692968788093e-06
52828.35982784876,5930.659746922497,4664.239970961808,0.5302127421806686,0.23623740455512235,-3.5472373591070148e-06
53691.48649375262,5930.658623664004,4663.116045174593,0.5229610196439137,0.23623740455512235,-3.5472120112568693e-06
54381.987826475706,5930.657734737884,4662.224495350805,0.5173271859125379,0.23623740455512235,-3.547191779993901e-06
55486.78995883265,5930.65632983996,4660.811787421897,0.5110041152871297,0.23623740455512235,-3.547160311206619e-06
56370.6316647182,5930.655220885454,4659.693598055397,0.504200626452047,0.23260034495310977,-3.547135288588931e-06
56912.81294827719,5930.65454701735,4659.01283618047,0.4994528806923938,0.23260034495310977,-3.547120070120587e-06
57346.55797512438,5930.654011361256,4658.471025226325,0.496267333390195,0.23260034495310977,-3.5471079372578637e-06
57693.553996602124,5930.653585006458,4658.039351563464,0.49375423606141994,0.23260034495310977,-3.5470981090175977e-06
57971.15081378433,5930.653245296077,4657.695140588612,0.4917659762620167,0.23260034495310977,-3.5470904434926586e-06
58193.22826753009,5930.652974399068,4657.420489629488,0.49018938730683687,0.23260034495310977,-3.5470842478419753e-06
58370.8902305267,5930.652758235161,4657.201226195688,0.48893698720956086,0.2309420399986739,-3.547079288959193e-06
58655.14937132127,5930.652413389392,4656.851246425171,0.48750001241065705,0.23054805858959618,-3.547071376276137e-06
58882.55668395693,5930.652138407129,4656.572005108554,0.4859196068316271,0.23025292474870232,-3.5470650653465247e-06
59064.48253406545,5930.651918989629,4656.349085083027,0.484664308156524,0.2300259775141677,-3.5470599659866556e-06
59355.56389423908,5930.651568964791,4655.993283576564,0.48322416119281464,0.2296751747009787,-3.5470519054277307e-06
59821.29407051689,5930.651011569996,4655.426216060674,0.4809419892892421,0.22913857078857988,-3.547039145672138e-06
60566.462352561386,5930.650126406547,4654.524522911113,0.4773459780125885,0.22832233114117795,-3.5470189829837137e-06
61758.73160383259,5930.648726806385,4653.095966430841,0.4717303082530726,0.22708108811458388,-3.546987451574977e-06
63666.36240586651,5930.646528497549,4650.845628616874,0.4630826478828828,0.2251816220688786,-3.5469382736274745e-06
66718.57168912078,5930.643110186835,4647.332172179567,0.4500505750889791,0.22229580221556122,-3.5468635600325475e-06
70718.57168912078,5930.6387998848295,4642.881334286733,0.43302385593743353,0.21812641203068095,-3.5467680833139117e-06
72381.81174334449,5930.637059837527,4641.079326785691,0.4204073209973352,0.21812641203068095,-3.5467286002404954e-06
73712.40378672344,5930.635688537991,4639.657487132783,0.4141441858717818,0.21812641203068095,-3.5466972650887826e-06
74776.87742142662,5930.634604307943,4638.532373795284,0.4093084473706107,0.21812641203068095,-3.546672235302262e-06
75628.45632918915,5930.633744895489,4637.6400473602,0.4055467293783103,0.21812641203068095,-3.5466526625821533e-06
76309.71945539919,5930.633062355561,4636.9310828858415,0.4026033327673873,0.21812641203068095,-3.5466368190637404e-06
76854.72995636721,5930.632519461543,4636.367008685287,0.40028965177885384,0.21812641203068095,-3.5466242988641967e-06
77290.73835714163,5930.632087126723,4635.917713247554,0.39846438303617526,0.21812641203068095,-3.5466144957354514e-06
77639.54507776115,5930.631742512326,4635.559524531936,0.39702030667383625,0.21812641203068095,-3.546606689955768e-06
77918.59045425677,5930.63146761597,4635.273767348603,0.3958752272954144,0.21489563766392888,-3.5466003609966216e-06
78365.06305664976,5930.631029238879,4634.818014693586,0.39456374756587514,0.2140365655153367,-3.5465904642271926e-06
78722.24113856415,5930.630679816946,4634.454697629431,0.39312395344837625,0.2134701549321566,-3.5465825617081117e-06
79007.98360409566,5930.630401091127,4634.164861491313,0.391982395102096,0.21306015833861214,-3.5465762426926168e-06
79236.57757652087,5930.630178626288,4633.933513272737,0.3910756497599155,0.21275380082995937,-3.546571129545635e-06
79602.3279324012,5930.62982362936,4633.5643141774435,0.3900353602689141,0.21228731671126758,-3.546563115015251e-06
80187.52850180972,5930.629258035049,4632.976032442581,0.3883867864811598,0.21157564320614758,-3.5465502560073963e-06
81123.84941286336,5930.628359137037,4632.040955928386,0.38578900615031203,0.21049954907825885,-3.5465298746570617e-06
81872.90614170628,5930.627645285428,4631.298298900748,0.3829634904500057,0.20972782141603374,-3.5465137911837905e-06
83071.39690785494,5930.626512639607,4630.119884853465,0.37977257435199735,0.2087310449939769,-3.5464878756931974e-06
84030.18952077387,5930.62561476508,4629.185735902692,0.37631810940839694,0.2087310449939769,-3.5464675587558055e-06
84797.22361110902,5930.624901621209,4628.4438245394895,0.3736170406820372,0.2087310449939769,-3.5464509910959837e-06
86024.47815564525,5930.623769907991,4627.266609882505,0.37056625555603895,0.2087310449939769,-3.5464256611379205e-06
87006.28179127423,5930.622872607828,4626.333426595604,0.3672630573449557,0.2057351331639142,-3.5464055184964883e-06
87486.65448072927,5930.622436141342,4625.879585562811,0.36512093514547445,0.2057351331639142,-3.546395673178618e-06
87870.9526322933,5930.622088162833,4625.517798134326,0.36387170096319355,0.2057351331639142,-3.546387765755342e-06
88178.39115354452,5930.6218105379385,4625.229185968303,0.3628810613634577,0.2057351331639142,-3.5463813546134835e-06
88424.3419705455,5930.621588919687,4624.998817105127,0.3620940846253211,0.2057351331639142,-3.546376244696756e-06
88621.10262414628,5930.62141193163,4624.814854108827,0.36146801363036984,0.2057351331639142,-3.5463721883774904e-06
88778.5111470269,5930.621270536503,4624.667895612107,0.3609693872735774,0.2044606097864249,-3.546368932502095e-06
88904.4379653314,5930.621157544957,4624.55046410654,0.36057190545247547,0.20436488754980742,-3.546366348418657e-06
89105.92087461858,5930.62097698801,4624.362823283953,0.36011424057312325,0.20421661077763084,-3.5463618443330425e-06
89267.10720204833,5930.620832745057,4624.212931197425,0.3596091179156333,0.20409919129332313,-3.5463582783422827e-06
89396.05626399213,5930.620717479892,4624.093158346612,0.35920648515401066,0.2040051112189501,-3.5463554452728464e-06
89499.21551354717,5930.620625350211,4623.997430016231,0.3588853123745478,0.20392980641863306,-3.5463531627060593e-06
89664.27031283524,5930.620478094716,4623.844430666748,0.35851526394572625,0.20380929646270562,-3.546349506433979e-06
89928.35799169616,5930.620242873444,4623.60005541873,0.357925499706555,0.203616627498616,-3.546344053913955e-06
90350.89827787362,5930.619867505434,4623.210135291822,0.3569877548444754,0.203309407013232,-3.5463353603386427e-06
91026.96273575757,5930.619269415805,4622.589009967302,0.35550223148208077,0.20282108071425342,-3.546321672563345e-06
92108.66586837187,5930.618318769815,4621.602166379227,0.35316273833186246,0.20204920014205985,-3.54630022465843e-06
93839.39088055475,5930.616813458226,4620.040725177456,0.34951230210582335,0.20083826948073477,-3.5462665038233384e-06
96608.55090004737,5930.61444364807,4617.586043934237,0.34389798409028144,0.19895439684936714,-3.546213590569582e-06
98823.87891564146,5930.612580515676,4615.659723022627,0.3379635091123705,0.19749456212281735,-3.5461717947785135e-06
102368.403740592,5930.609656578525,4612.644021863654,0.33149284479749136,0.19488815832110015,-3.546105608085982e-06
103035.2260074403,5930.609114025761,4612.0855432445815,0.326961057051622,0.19488815832110015,-3.546093367352513e-06
103568.68382091894,5930.608681645241,4611.640734564818,0.3257093187921448,0.19488815832110015,-3.5460835984582523e-06
103995.45007170185,5930.608336793121,4611.286141410478,0.32471846789287667,0.19488815832110015,-3.5460757428801876e-06
104336.86307232818,5930.608061579247,4611.003264361793,0.32393243935198723,0.19488815832110015,-3.5460694162383104e-06
104609.99347282924,5930.607841832683,4610.777470603081,0.32330782708119654,0.19488815832110015,-3.546064377771399e-06
104828.4977932301,5930.6076663056865,4610.597159352403,0.3228108082424064,0.19488815832110015,-3.5460603386402414e-06
105003.30124955079,5930.607526056308,4610.453116907578,0.32241489061713685,0.19488815832110015,-3.546057133145664e-06
105143.14401460734,5930.607413966652,4610.33801481571,0.3220992367727746,0.19488815832110015,-3.546054577602616e-06
105255.0182266526,5930.607324365037,4610.24601736664,0.32184740196050277,0.19488815832110015,-3.5460525304370578e-06
105356.07077683487,5930.607243484093,4610.1629831341215,0.3216348552873373,0.19488815832110015,-3.546050672964132e-06
105457.12433754263,5930.607162652969,4610.080008962254,0.32143351398064307,0.19317819203761225,-3.546048825687919e-06
105618.81003467504,5930.607033428245,4609.947376730764,0.3211723755724538,0.19308247539208137,-3.54604585250672e-06
105748.15859238098,5930.6069301413645,4609.841382810909,0.3208838362513316,0.19300902472067658,-3.5460433283226087e-06
105851.63743854572,5930.606847571147,4609.756659116134,0.3206535836990658,0.19294976708395087,-3.546041338075465e-06
105952.6959549201,5930.606766982976,4609.673978274119,0.3204517372758198,0.19289151169059396,-3.5460393939193027e-06
106114.3895811191,5930.606638145972,4609.541814473263,0.32019304427156675,0.19279749047038017,-3.5460364225645947e-06
106373.09938303751,5930.606432272354,4609.330673065098,0.3197805017585029,0.1926454503029581,-3.5460317075606087e-06
106787.03506610695,5930.606103550905,4608.993664545444,0.3191239089019983,0.19238963509075602,-3.5460241797527486e-06
107449.33215901809,5930.605579313484,4608.456531289138,0.3180821658870906,0.19193827141655376,-3.5460122930140722e-06
108509.00750767588,5930.604744870456,4607.602391192778,0.3164375522148565,0.1912016334449852,-3.545993286051933e-06
110204.48806552836,5930.603420630505,4606.2490543707245,0.31386148010508746,0.1900491559262357,-3.5459633330931286e-06
112917.25695809233,5930.601328753704,4604.1168893658705,0.3098756434658728,0.18828209602553347,-3.5459163770715017e-06
115087.4720721435,5930.5996781665835,4602.439690769891,0.3056326933043083,0.18679065680543797,-3.5458791982726903e-06
115578.16532549815,5930.599307697051,4602.063901981384,0.30339369410787026,0.18679065680543797,-3.5458708592965023e-06
115970.71992818188,5930.599012034462,4601.764169917355,0.30266377672336703,0.18679065680543797,-3.5458641747468807e-06
116284.76361032885,5930.598775957553,4601.524956568418,0.3020839200730772,0.18679065680543797,-3.5458587954850872e-06
116535.99855604644,5930.598587384439,4601.333950627985,0.3016226201870186,0.18679065680543797,-3.545854426308434e-06
116736.9865126205,5930.598436709701,4601.181378508472,0.30125522271277044,0.18679065680543797,-3.5458509599595938e-06
116897.77687787975,5930.59831628709,4601.0594692964305,0.3009623497132565,0.18679065680543797,-3.5458482277035995e-06
117026.40917008715,5930.598220023788,4600.962036752575,0.30072871695038045,0.18679065680543797,-3.5458460386568172e-06
117129.31500385307,5930.598143060901,4600.884151302384,0.300542235148204,0.18679065680543797,-3.5458442849632955e-06
117230.48629700311,5930.598067436573,4600.807631081117,0.30037818678992906,0.18554008588377138,-3.5458425554878993e-06
117331.65860186607,5930.597991852367,4600.731162003391,0.30021581881817455,0.18548094371921023,-3.545840828012709e-06
117432.8319184521,5930.597916308227,4600.654744017455,0.3000537337754779,0.18542369624580474,-3.545839019277369e-06
117534.00624677129,5930.597840804069,4600.578377041792,0.2998919309140705,0.18536625206634685,-3.5458372029819874e-06
117635.18158683376,5930.597765339826,4600.502061007129,0.29973040951329977,0.1853081606779243,-3.5458353731896467e-06
117736.35793864961,5930.597689915424,4600.425795846215,0.29956916885736945,0.18524931858840926,-3.545833548171787e-06
117837.535302229,5930.597614529415,4600.349581495049,0.2994116607378656,0.18518975442633076,-3.5458349565305435e-06
117999.41908395602,5930.5974939267535,4600.227745752376,0.2993764783169037,0.1850931078304654,-3.545832269663958e-06
118258.43313471926,5930.597300939564,4600.033082285141,0.2994120598072019,0.1849359107236633,-3.545827948225009e-06
118672.85561594045,5930.596992101458,4599.7223188063235,0.29946888446128805,0.18467999191374915,-3.5458210297169795e-06
119335.93158589436,5930.596497810916,4599.226873682607,0.29955953460523294,0.1842649123862105,-3.5458099307021156e-06
120396.85313782061,5930.59570656493,4598.43866681324,0.29970389085984434,0.18359765605861275,-3.545792189715618e-06
122094.32762090261,5930.59443960301,4597.188900173411,0.2999331316260648,0.18253687942223895,-3.545763754575617e-06
124810.2867938338,5930.592410014306,4595.217694664987,0.300295576420907,0.18086946666995718,-3.5457182018436745e-06
128810.2867938338,5930.589415492499,4592.376035574779,0.3008372605928934,0.1784636772426912,-3.5456509142049886e-06
132010.2867938338,5930.587015346244,4590.153323164488,0.3014059817250807,0.1784636772426912,-3.545596910657499e-06
136010.2867938338,5930.5840096317015,4587.43538438248,0.3019617114798584,0.17435768669110657,-3.5455293599440183e-06
136703.0388002575,5930.583488463515,4586.971280602418,0.3023181649982181,0.17435768669110657,-3.5455176409950767e-06
137257.24040539644,5930.5830713997075,4586.601373753681,0.30241189036005045,0.17435768669110657,-3.5455082597230898e-06
137700.6016895076,5930.582737666212,4586.306323177538,0.30248661951553873,0.17435768669110657,-3.545500758186377e-06
138055.29071679653,5930.582470626788,4586.070839691178,0.3025462430787805,0.17435768669110657,-3.5454947658562327e-06
138339.04193862766,5930.582256961639,4585.882807842358,0.3025938401794882,0.17435768669110657,-3.5454899714841525e-06
138566.04291609256,5930.5820860080485,4585.732608754106,0.30263185298889805,0.17435768669110657,-3.545486130560397e-06
138747.64369806446,5930.581949231453,4585.612593982363,0.30266222184654185,0.17435768669110657,-3.545483048614103e-06
138892.924323642,5930.581839801403,4585.516674444683,0.3026864905083909,0.17435768669110657,-3.5454805855631663e-06
139009.148824104,5930.581752251751,4585.439997771831,0.30270588855902447,0.17435768669110657,-3.545478620369891e-06
139110.53891559225,5930.5816758725,4585.373150527299,0.30272201939227567,0.17282497060988733,-3.5454769065945643e-06
139211.9300209814,5930.581599488696,4585.306342391217,0.3027370412946679,0.17277125866408025,-3.54547519183249e-06
139313.3221402816,5930.581523100337,4585.239573331861,0.3027520543971759,0.1727207611656848,-3.545473495407248e-06
139414.715273503,5930.58144670743,4585.172843289794,0.30276705871279586,0.17267135227096067,-3.5454717904697964e-06
139516.10942065573,5930.581370309973,4585.10615221742,0.3027820542522469,0.17262238038109096,-3.545470096306579e-06
139617.50458174993,5930.5812939079715,4585.03950006877,0.30279704102603605,0.17257360255360407,-3.545468397573453e-06
139718.90075679575,5930.581217501426,4584.972886798752,0.30281201904434174,0.17252488648005374,-3.5454667019865604e-06
139881.13463686904,5930.581095243104,4584.866387685875,0.3028314766940291,0.17244685548631256,-3.5454639537206164e-06
140140.7088449863,5930.580899609698,4584.69619894575,0.30286257717533915,0.17232157127301234,-3.54545956410592e-06
140556.02757797393,5930.5805865449065,4584.424432414818,0.3029122568656795,0.17211977456970987,-3.5454525154870067e-06
141220.53755075412,5930.580085510138,4583.990969625883,0.30299153770328263,0.17179339230061227,-3.5454412478562938e-06
142283.7535072024,5930.579283520275,4583.300891342133,0.3031178616650219,0.1712654835978554,-3.54542324580878e-06
143984.89903751967,5930.5779994864915,4582.205513220114,0.30331864987812596,0.17041711269838078,-3.545394477976795e-06
146706.7318860273,5930.575942879138,4580.4748366224285,0.3036365655324531,0.16906521373693117,-3.545348258161348e-06
150706.7318860273,5930.572915759513,4577.978883014115,0.30411212001983834,0.16711750715447923,-3.545280259003547e-06
154706.7318860273,5930.569883116806,4575.537191899109,0.3046669839324742,0.16516076925478637,-3.5452120768051956e-06
156364.4279468658,5930.568624726334,4574.540646708394,0.30505254672676935,0.16516076925478637,-3.5451837604323573e-06
157690.5847955366,5930.5676173512475,4573.749725736948,0.30525335862442227,0.16516076925478637,-3.5451611183430616e-06
158751.51027447323,5930.566811030077,4573.120972817129,0.30541285982740607,0.16516076925478637,-3.5451430094071884e-06
159600.25065762253,5930.566165705172,4572.620491126424,0.3055397353926736,0.16516076925478637,-3.545128491818361e-06
160279.24296414197,5930.565649274523,4572.221704368123,0.3056407763672123,0.16516076925478637,-3.5451168774156648e-06
160822.43680935752,5930.565236021133,4571.903690673566,0.3057213174977919,0.16516076925478637,-3.5451075830025282e-06
161256.99188552995,5930.564905348944,4571.649926031371,0.3057855649663756,0.16241991983818324,-3.545100153993859e-06
161604.6359464679,5930.564640766828,4571.447326072531,0.30583684488062124,0.16227283104158974,-3.545094221902027e-06
161882.75119521827,5930.564429072798,4571.285508640206,0.305877793572067,0.16215640579484927,-3.5450894604913893e-06
162105.24339421856,5930.564259699461,4571.156222237105,0.3059105045286581,0.16206119783734393,-3.545085658335524e-06
162283.2371534188,5930.564124189214,4571.052900088682,0.3059366426584915,0.16198432288081557,-3.545082616319589e-06
162568.02716813918,5930.563907351441,4570.8877819636555,0.30596681105794327,0.16185999857731848,-3.5450777368598925e-06
163023.6911916918,5930.563560356356,4570.624096488,0.30601500425257055,0.1616583639336889,-3.5450699353822457e-06
163752.75362937598,5930.563005024677,4570.203482261419,0.3060919190086949,0.16133046000184245,-3.5450574411422073e-06
164919.25352967068,5930.562116138191,4569.533756509936,0.3062144884210805,0.1607978136290132,-3.545037459327623e-06
166785.6533701422,5930.560693014786,4568.470427375201,0.3064093478813597,0.15992674829968245,-3.5450054680924908e-06
169771.8931148966,5930.558413723867,4566.789752469729,0.3067179731638761,0.1585064579201239,-3.544954271252224e-06
173771.8931148966,5930.555356307678,4564.577198941581,0.30715578984197045,0.15665127719876581,-3.5448855973781446e-06
177771.8931148966,5930.552293990242,4562.407367422165,0.3076481822018858,0.15482169063619686,-3.544816780610562e-06
180971.8931148966,5930.549840670606,4560.701175031216,0.3080833974967617,0.15482169063619686,-3.544761621918071e-06
183531.8931148966,5930.54787583096,4559.354636904079,0.3084262147134346,0.15482169063619686,-3.544717495678962e-06
185579.8931148966,5930.546302578526,4558.288911411731,0.308697134866343,0.1515678617800636,-3.544682120752832e-06
187218.2931148966,5930.545043101425,4557.4435554683905,0.3089117834053124,0.1515678617800636,-3.544653805395759e-06
188529.0131148966,5930.54403496393,4556.771825217975,0.3090821889322951,0.1515678617800636,-3.544631143640258e-06
189577.5891148966,5930.543228100381,4556.2373212057755,0.3092176842441829,0.1515678617800636,-3.5446129778138092e-06
190416.4499148966,5930.542582384358,4555.811543829292,0.30932555557091496,0.14957112760491967,-3.54459846127628e-06
190880.3600401427,5930.542225202273,4555.576770830538,0.3093997476961926,0.14957112760491967,-3.5445904317816327e-06
191251.48814033958,5930.541939412797,4555.389305566726,0.309447182854258,0.14957112760491967,-3.5445840018042e-06
191548.39062049708,5930.541710753224,4555.2395586156235,0.3094850664362033,0.14957112760491967,-3.5445788700353388e-06
191785.9126046231,5930.541527807679,4555.119904821615,0.30951533212081284,0.1490071861801078,-3.544574749522948e-06
191975.9301919239,5930.541381439806,4555.024273605048,0.30953951837549926,0.14892508385254066,-3.544571453360013e-06
192127.94426176453,5930.541264338191,4554.947827318525,0.3095588505796953,0.14886075370129884,-3.5445688437842586e-06
192249.55551763703,5930.541170652221,4554.886707785351,0.3095743056102242,0.14880944887157424,-3.5445667562546605e-06
192351.47801319222,5930.541092130734,4554.835509089778,0.30958692425350737,0.1487664834323254,-3.54456498601775e-06
192514.55400608052,5930.540966490282,4554.753639761711,0.30960187496406916,0.14869773050596752,-3.544562189564706e-06
192775.4755947018,5930.5407654500395,4554.622773020528,0.3096257773088807,0.14858764490531237,-3.5445577090700074e-06
193192.95013649584,5930.540443745975,4554.41370328415,0.3096639730690078,0.14841119828174373,-3.544550516565656e-06
193860.9094033663,5930.539928918095,4554.080000276966,0.30972496380690473,0.1481281426652584,-3.5445389842383683e-06
194929.64423035903,5930.5391049347845,4553.548132402224,0.30982223710476003,0.14767446927563155,-3.54452053466547e-06
196639.6199535474,5930.537785902592,4552.702356225862,0.30997708274718067,0.14699245985656648,-3.5444909223217302e-06
199375.58111064878,5930.5356737778875,4551.362244621294,0.31022283657183747,0.145932733095576,-3.544443528429305e-06
203375.58111064878,5930.532582171435,4549.431365655673,0.3105906305450555,0.14440380102784595,-3.5443741071076156e-06
207375.58111064878,5930.529486283411,4547.533153651455,0.3110207677388138,0.14289653884065062,-3.544304616202796e-06
210575.58111064878,5930.527006538689,4546.03735719158,0.3114018105509075,0.14289653884065062,-3.544248920590303e-06
213135.5811106488,5930.525020827181,4544.854895020037,0.3117025292763241,0.14076060022207515,-3.5442042755649657e-06
213749.33724055928,5930.524544504987,4544.573240637335,0.31186677660869777,0.14076060022207515,-3.5441935834123856e-06
214240.34214448763,5930.524163377725,4544.348424049414,0.3119236641528207,0.14076060022207515,-3.5441850144900957e-06
214633.14606763027,5930.523858431518,4544.1688938586985,0.3119690815704321,0.14076060022207515,-3.544178172081429e-06
214947.38920614438,5930.523614446188,4544.025475789747,0.31200535645397837,0.14076060022207515,-3.544172689255845e-06
215198.78371695566,5930.523419239792,4543.9108728722795,0.3120343386827653,0.14076060022207515,-3.544168304202128e-06
215399.8993256047,5930.523263063083,4543.819274544723,0.31205750040958036,0.14076060022207515,-3.544164801854187e-06
215560.7918125239,5930.523138114301,4543.746049555788,0.31207601442482996,0.139900920118678,-3.5441620074762674e-06
215689.5058020593,5930.523038150536,4543.687503869182,0.3120908158176267,0.13985136826710864,-3.5441597654373633e-06
215792.47699368765,5930.5229581764925,4543.6406892520945,0.3121026506550444,0.1398133700396352,-3.5441579661491406e-06
215894.63491845762,5930.522878831421,4543.594263630718,0.3121131242449309,0.13977613190507848,-3.5441561856922577e-06
215996.79386480682,5930.522799482906,4543.54785669913,0.31212355203833725,0.1397391798923308,-3.544154398356298e-06
216098.95383274546,5930.522720130945,4543.501468441662,0.31213397562673384,0.1397024258100176,-3.5441526220668527e-06
216201.11482228382,5930.5226407755445,4543.455098842087,0.3121443950137445,0.13966582428273022,-3.5441508343755554e-06
216364.5724055452,5930.522513801392,4543.380947218562,0.3121579335727224,0.13960745470221358,-3.544147999399595e-06
216626.10453876338,5930.522310628668,4543.2624061671695,0.3121795799028802,0.1395144411266116,-3.544143417158133e-06
217044.5559519125,5930.521985516277,4543.072999895136,0.31221417476404656,0.13936625118153867,-3.5441361328945014e-06
217714.0782129511,5930.5214652443965,4542.7706114911925,0.3122694263306285,0.1391299658672824,-3.5441244789529787e-06
218785.31383061284,5930.520632574412,4542.288473807374,0.312357573573071,0.13875265872394302,-3.5441058063781017e-06
220499.2908188716,5930.51929970366,4541.52132339156,0.31249796086982623,0.13814802017158787,-3.5440758845975566e-06
223241.65400008566,5930.51716558876,4540.304650482201,0.3127209417893499,0.1371704313691183,-3.544027971474774e-06
227241.65400008566,5930.51404945618,4538.553242976901,0.3130545874773808,0.13574876062087635,-3.5439580189145773e-06
231241.65400008566,5930.510929437465,4536.82861490815,0.31344499817275207,0.13433656457413037,-3.54388800234781e-06
234441.65400008566,5930.508430664244,4535.467630679432,0.3137913766410353,0.13433656457413037,-3.543831799948165e-06
238441.65400008566,5930.505303798083,4533.789123714621,0.3141329111710749,0.1318746916537328,-3.5437615564047633e-06
241641.65400008566,5930.50279962028,4532.464015773764,0.3144700722148187,0.1318746916537328,-3.5437053369086965e-06
245641.65400008566,5930.499666087551,4530.829131338556,0.3148026517490044,0.1318746916537328,-3.5436349335840405e-06
248841.65400008566,5930.497156645953,4529.537981230684,0.3151310916263837,0.12843970231768123,-3.543578517496494e-06
249143.24609261466,5930.496920018468,4529.417047406061,0.3152893992295754,0.12843970231768123,-3.543573222689125e-06
249384.51976663785,5930.496730701813,4529.320392988432,0.31531383376560784,0.12843970231768123,-3.5435689613262197e-06
249577.5387058564,5930.496579239111,4529.243128638509,0.3153333644494095,0.12843970231768123,-3.5435655346429518e-06
249731.9538572312,5930.496458062947,4529.181354982504,0.3153489781690245,0.12843970231768123,-3.5435628140412046e-06
249855.48597833104,5930.496361118177,4529.131960238592,0.31536146222398037,0.12843970231768123,-3.5435606363247327e-06
249957.9845331908,5930.496280677414,4529.090992137907,0.31537160989379126,0.12843970231768123,-3.5435588124784063e-06
250060.4841130362,5930.496200233497,4529.050038397171,0.31538080975218263,0.12804408709574278,-3.543557002575729e-06
250162.98471787732,5930.4961197864295,4529.009099006851,0.3153900063792545,0.1280084435823617,-3.54355519419623e-06
250265.4863477245,5930.496039336213,4528.968173956895,0.3153991997772242,0.12797311676545306,-3.543553386447076e-06
250429.48895548,5930.495910610991,4528.902724528175,0.31541114607769194,0.12791688266838974,-3.5435504877162323e-06
250560.69104168436,5930.495807626494,4528.850392122904,0.315424372728793,0.12787212942564163,-3.543548176878983e-06
250665.65271064785,5930.495725236133,4528.808543554571,0.3154349490830834,0.12783640251229458,-3.5435463338983715e-06
250768.15936717493,5930.495644770482,4528.767688680904,0.31544423665302146,0.1278015587834942,-3.543544529205872e-06
250932.17001761822,5930.49551602057,4528.702351426549,0.3154561624282453,0.12774589207053041,-3.543541658128926e-06
251194.58705832748,5930.495310008257,4528.597889912043,0.3154752318521129,0.12765703759309305,-3.543537075957722e-06
251614.4543234623,5930.494980356707,4528.430950985035,0.31550571273364214,0.12751539497126196,-3.5435297489768284e-06
252286.241947678,5930.494452832825,4528.1643577280565,0.3155544050557693,0.12729000732710757,-3.5435180340810403e-06
253361.10214642313,5930.493608586776,4527.739104577215,0.31563211634453425,0.1269321668628928,-3.5434991460363776e-06
255080.87846441532,5930.492257263104,4527.061990040704,0.31575595502053605,0.12636987969533514,-3.543468958620351e-06
257832.5205732028,5930.490093797154,4525.986918736912,0.3159528328328157,0.12552132700720142,-3.5434204215674016e-06
261832.5205732028,5930.486945885005,4524.441991220471,0.31624724356846623,0.12430370446171383,-3.543349786037874e-06
265832.5205732028,5930.483794542427,4522.917717101167,0.31659187470853667,0.12309913260894796,-3.543278981852168e-06
269032.5205732028,5930.481271029145,4521.7127837124535,0.3168981869615748,0.12309913260894796,-3.5432223062525116e-06
273032.5205732028,5930.478113625902,4520.224262713207,0.31720074403461823,0.12097555287714737,-3.543151402361134e-06
275907.6468896366,5930.475842098109,4519.166177909366,0.3174865008829444,0.12097555287714737,-3.5431003461616154e-06
278207.7479427836,5930.4740236567695,4518.3266924036325,0.3176994899117297,0.12097555287714737,-3.543059494908652e-06
281887.9096278188,5930.4711119177655,4516.996173645742,0.3179433037919787,0.12097555287714737,-3.5429941019975667e-06
284832.03897584695,5930.468780566403,4515.942757497517,0.3182108493316674,0.11775747785092316,-3.542941768119481e-06
287187.34245426947,5930.466914242509,4515.1069271616825,0.318422890429208,0.11712402110648147,-3.542899876075545e-06
290955.8280197455,5930.463925847862,4513.78211310922,0.3186656351418379,0.11609634609012,-3.5428327728736197e-06
294955.8280197455,5930.460750829383,4512.392399961078,0.3189704124109684,0.11497855061505027,-3.5427616701430273e-06
298155.8280197455,5930.458208589989,4511.292574803338,0.3192497776838105,0.11497855061505027,-3.54270460172876e-06
300715.8280197455,5930.4561733885075,4510.420204787007,0.3194711037056792,0.11497855061505027,-3.5426589280988992e-06
304715.8280197455,5930.452990901183,4509.07018871023,0.3197207548994024,0.11236164854452287,-3.5425874587861548e-06
307915.8280197455,5930.450442750031,4508.001418480854,0.3199921646573347,0.11151143304341699,-3.5425303053003377e-06
310475.8280197455,5930.448402858887,4507.153457343106,0.3202072530042872,0.11151143304341699,-3.5424845186560862e-06
312523.8280197455,5930.446770075563,4506.479534222004,0.3203780413389489,0.11151143304341699,-3.5424478600586813e-06
314162.2280197455,5930.445463295146,4505.943206434613,0.3205138627197844,0.11151143304341699,-3.5424184932322037e-06
315472.9480197455,5930.444417518071,4505.515925733655,0.3206220075660682,0.1095501460504336,-3.5423950142906205e-06
316521.5240197455,5930.443580671508,4505.175232637968,0.3207081984541419,0.10928122737249865,-3.542376216310414e-06
318199.2456197455,5930.442241302754,4504.632199611601,0.3208074206516198,0.1088556709752122,-3.542346145209935e-06
320883.6001797455,5930.4400972576,4503.768607199024,0.320965377172764,0.10815732686738985,-3.5422980048879835e-06
322731.49862876,5930.438620555525,4503.177832872776,0.32112855292060943,0.10815732686738985,-3.542264860234252e-06
324209.81738797156,5930.437438755755,4502.70737273118,0.32124764470927936,0.10815732686738985,-3.5422383159587717e-06
326575.1274027101,5930.435547070316,4501.958587236286,0.32138454505132547,0.10815732686738985,-3.542195854812666e-06
328467.3754145009,5930.434033011628,4501.363023265207,0.32153539658938385,0.10625784439364515,-3.542161875307477e-06
329981.1738239335,5930.432821312441,4500.888766144751,0.3216554466580864,0.10625784439364515,-3.54213468374519e-06
331192.21255147964,5930.431851664865,4500.510752943175,0.32175108659400725,0.10560232189017398,-3.542112926346089e-06
332161.0435335165,5930.43107576295,4500.209227650416,0.32182734440268757,0.10560232189017398,-3.5420955260668796e-06
332936.10831914603,5930.430454924061,4499.968570986772,0.321888188976809,0.10560232189017398,-3.542081626146478e-06
333556.16014764964,5930.429958178009,4499.776404801667,0.32193676166803653,0.1050428742937572,-3.5420704698334506e-06
334052.20161045255,5930.429560733281,4499.62290093068,0.3219755541730015,0.10492190300540881,-3.542061548497029e-06
334845.8679509372,5930.428924733332,4499.377716824881,0.322020304738334,0.10473291074367533,-3.542047272789621e-06
336115.7340957126,5930.427906907666,4498.986497863303,0.32209174265787044,0.10442640979710152,-3.5420244314161485e-06
337131.62701153295,5930.4270924476305,4498.674470613332,0.32217065773432435,0.10442640979710152,-3.5420061655101027e-06
337944.34134418925,5930.426440752274,4498.425452137731,0.322233616696605,0.10399232534889043,-3.541991537326723e-06
338594.5128103143,5930.425919314677,4498.226621782033,0.32228387364133665,0.10383553554968217,-3.5419798263479523e-06
339114.64998321433,5930.425502112648,4498.067802662084,0.3223240089343063,0.10371213962134616,-3.5419704695712556e-06
339946.8694598544,5930.424834493526,4497.814143745454,0.32237030580733445,0.10351297201233403,-3.541955475143749e-06
340612.6450411664,5930.424300313413,4497.6116154300835,0.32242149763865124,0.1033548336056599,-3.541943485272378e-06
341677.8859712656,5930.423445468774,4497.288304155332,0.3224805198298051,0.10310057017856392,-3.541924304534255e-06
343382.27145942434,5930.422077318016,4496.772873850607,0.32257467214544877,0.10269723764351595,-3.5418936220036086e-06
346109.2882404783,5930.419887259406,4495.952920601889,0.32272459677577237,0.10204480821936124,-3.5418444159164934e-06
347665.10100695933,5930.41863723297,4495.48770594716,0.3228687448697204,0.10204480821936124,-3.5418163575868753e-06
348909.75122014416,5930.417636921272,4495.116872684226,0.32296255218804865,0.10204480821936124,-3.541793899056176e-06
350901.1915612399,5930.416035887561,4494.525993475094,0.3230705069302243,0.10204480821936124,-3.541757991608914e-06
352494.3438341165,5930.414754588466,4494.055446519274,0.3231895951257414,0.10056788107369899,-3.5417292247844936e-06
353768.86565241776,5930.413729248272,4493.680377446744,0.32328447244258285,0.10026854806140506,-3.541706220861531e-06
354279.4480305231,5930.413318414972,4493.530461418299,0.3233433638112822,0.10026854806140506,-3.541697012424131e-06
354687.91393300734,5930.412989717573,4493.410667804051,0.3233736273960519,0.10026854806140506,-3.5416896336088535e-06
355014.68665499473,5930.412726739986,4493.314921818838,0.323397812802564,0.10026854806140506,-3.541683728164331e-06
355276.1048325846,5930.412516345341,4493.238381826366,0.3234171448660737,0.09993106725723495,-3.5416790041655576e-06
355485.2393746565,5930.41234802158,4493.177186133453,0.3234326001250334,0.09988218918857679,-3.5416752306950757e-06
355652.54700831405,5930.4122133574265,4493.12825278884,0.32344495768916287,0.09984373753055083,-3.5416722142537665e-06
355920.2392221661,5930.411997885268,4493.0500023151635,0.32345922979437597,0.09978238949364043,-3.5416674209060282e-06
356134.3929932478,5930.411825499124,4492.987439872111,0.32347503026458907,0.09973341225025768,-3.5416635658567863e-06
356477.0390269784,5930.411549665734,4492.887409988685,0.3234932759330363,0.09965505592098785,-3.5416574048641637e-06
357025.27268094744,5930.411108292523,4492.72754114237,0.3235224419148821,0.0995296759281978,-3.5416475326414624e-06
357902.44652729784,5930.410401993684,4492.4722077542765,0.3235690383180665,0.09932900778180033,-3.54163166130501e-06
359305.9246814585,5930.409271655765,4492.064837983333,0.32364341621479253,0.09900771126495428,-3.541606317072624e-06
361551.48972811556,5930.407462452594,4491.416002265884,0.3237619723393128,0.09849312907366208,-3.5415657648413485e-06
365144.39380276686,5930.404566041687,4490.3853392098,0.3239505258403789,0.09766983906839359,-3.5415008054203415e-06
369144.39380276686,5930.401339030245,4489.248538063003,0.3241937599262421,0.09675623115587287,-3.5414284310269107e-06
373144.39380276686,5930.398109491866,4488.122731246351,0.3244476210616693,0.09584676387052357,-3.5413560914980394e-06
376344.39380276686,5930.3955240581945,4487.22985356642,0.3246740361899335,0.09584676387052357,-3.541298099875693e-06
378904.39380276686,5930.393454566344,4486.520441975331,0.3248537569012752,0.09454098549971607,-3.5412516568155354e-06
379860.8578951518,5930.392681105554,4486.256495499385,0.3249628909029288,0.09454098549971607,-3.541234308427455e-06
380626.0291690598,5930.3920622355245,4486.045767264744,0.32501614124180417,0.09454098549971607,-3.541220446736234e-06
381238.1661881862,5930.391567074729,4485.877458136603,0.3250586631255098,0.09454098549971607,-3.5412093424277507e-06
381727.8758034873,5930.3911709047,4485.742985302828,0.3250926306406027,0.09454098549971607,-3.541200453054829e-06
382119.6434957282,5930.3908539422155,4485.635518418875,0.3251197727477474,0.09382995976525621,-3.5411933381314505e-06
382433.0576495209,5930.3906003553075,4485.549616055551,0.3251414660600884,0.09375767891890419,-3.5411876545972937e-06
382934.5202955893,5930.390194585004,4485.41230354806,0.3251665101631668,0.09364531607452292,-3.5411785516083034e-06
383335.690412444,5930.389869941094,4485.302569638544,0.32519422489373506,0.09355568890262095,-3.5411712645922874e-06
383656.62650592776,5930.389610208274,4485.214856661017,0.32521637544371024,0.09348422281593517,-3.5411654457938164e-06
384170.1242555018,5930.389194603084,4485.074652708392,0.325241946908576,0.09337018518581883,-3.5411561388539426e-06
384991.7206548202,5930.38852955124,4484.850675659003,0.32528280836744805,0.09318840686563071,-3.5411412406927594e-06
386306.2748937297,5930.387465254865,4484.493202609671,0.3253480518149616,0.09290030905829688,-3.5411173754721094e-06
388409.56167598494,5930.385761836089,4483.923508799462,0.32545209805653436,0.09245860418700914,-3.541079157955873e-06
391774.8205275933,5930.383034979203,4483.017727791792,0.32561770145101254,0.0917555140788034,-3.5410180639758646e-06
395774.8205275933,5930.379791589831,4481.950132114851,0.32583912772770074,0.09092483423089208,-3.540945383942471e-06
399774.8205275933,5930.376545827066,4480.892164208898,0.3260775654569767,0.09010028893649161,-3.540872611882381e-06
403774.8205275933,5930.373297712262,4479.843638140433,0.3263138569933984,0.08928085856242667,-3.5407998116268403e-06
406974.8205275933,5930.3706975410505,4479.0114933945515,0.32652474961174893,0.08928085856242667,-3.540741500399783e-06
409534.8205275933,5930.368616337016,4478.349983690714,0.3266922502840784,0.08811171114504215,-3.540694810172108e-06
411366.8304846474,5930.3671263882525,4477.878855585032,0.32681926011779155,0.08811171114504215,-3.5406613922276147e-06
412832.4384502907,5930.365934082926,4477.503302304757,0.32691421521176384,0.08811171114504215,-3.5406346509397896e-06
414004.92482280533,5930.3649800177445,4477.203717033247,0.3269899330896902,0.08811171114504215,-3.5406132356147993e-06
414942.913920817,5930.364216624565,4476.964594406588,0.3270503508385217,0.08703906301528791,-3.540596151241575e-06
415693.30519922636,5930.363605819959,4476.773643900344,0.32709858535856473,0.08688953254602592,-3.5405824360976284e-06
416893.9312446813,5930.362628366399,4476.468762813096,0.3271542072700709,0.08665134857707148,-3.540560525366224e-06
418814.93291740917,5930.361064016453,4475.982580747831,0.3272429555178995,0.08627272051833884,-3.540525445053053e-06
421888.53559377376,5930.358559975243,4475.208815747938,0.3273843260490299,0.08566786500317011,-3.5404693356674616e-06
424347.41773486545,5930.356555789147,4474.593417642701,0.3275400944929764,0.08566786500317011,-3.5404244031219085e-06
426314.5234477388,5930.354951833487,4474.103385021468,0.32766405118725284,0.0847997429131381,-3.5403884455503553e-06
427888.20801803743,5930.353668282253,4473.712808244064,0.3277627998494182,0.0847997429131381,-3.5403596441499974e-06
429147.15567427635,5930.352641194598,4473.40126749313,0.32784153434579205,0.0847997429131381,-3.5403366180159253e-06
430154.3137992674,5930.351819367027,4473.152620625618,0.32790435384810135,0.08405445753022964,-3.5403182037850368e-06
431765.766799253,5930.350504152599,4472.755862130924,0.3279767503508941,0.08374124707622427,-3.5402887296810453e-06
433054.9291992415,5930.349451724486,4472.439403560824,0.3280567271047906,0.0834910328594507,-3.5402651380749092e-06
435117.58903922315,5930.347767366753,4471.934809689573,0.3281488294098703,0.08309391610925826,-3.5402273859443267e-06
438417.8447831937,5930.345071189635,4471.1318685735805,0.3282955233850586,0.08245376791124577,-3.540166946983224e-06
440358.6886985926,5930.343484908715,4470.6621738855865,0.3284381736743989,0.08245376791124577,-3.5401313711782566e-06
441911.3638309117,5930.342215518272,4470.287740883563,0.3285328221623077,0.08245376791124577,-3.5401029259059603e-06
444395.64404262224,5930.340183820138,4469.691071881229,0.3286417542515667,0.08245376791124577,-3.5400573612984444e-06
446383.0682119907,5930.33855786727,4469.215865350651,0.32876193122338443,0.08095021022079953,-3.540020923113165e-06
447973.0075474855,5930.337256726126,4468.837050291648,0.3288576846895782,0.08065306786928818,-3.539991738919629e-06
449244.9590158814,5930.33621557152,4468.5348562034005,0.32893404107965074,0.08041835345368667,-3.539968413283275e-06
451280.08136531484,5930.334549278745,4468.052920562762,0.32902198980159086,0.08005603523755515,-3.5399310891815338e-06
454536.2771244083,5930.331882074982,4467.285816982207,0.3291621013170598,0.07947703922782083,-3.539871328191481e-06
457141.2337316831,5930.329747311085,4466.675632759833,0.329316501615804,0.07947703922782083,-3.5398235025435795e-06
461141.2337316831,5930.326467587219,4465.744643177121,0.329489384205682,0.07831323042449023,-3.5397499971249435e-06
464341.23373168317,5930.3238423168705,4465.004985223906,0.3296766535834501,0.07831323042449023,-3.5396911475309113e-06
468341.23373168317,5930.32055887818,4464.086729899191,0.3298625852625611,0.07705357252455082,-3.5396175375323263e-06
471541.2337316832,5930.317930656359,4463.3571069287755,0.3300472933756599,0.07705357252455082,-3.539558666919732e-06
474101.2337316833,5930.315827143329,4462.776554064893,0.3301941534995092,0.07705357252455082,-3.539511518515064e-06
476149.23373168334,5930.314143737057,4462.3141035713015,0.330311068525287,0.07571032156322251,-3.5394737885101903e-06
477787.6337316833,5930.312796632176,4461.945407178816,0.3304042372959959,0.07571032156322251,-3.5394435977824175e-06
480409.0737316832,5930.310640564789,4461.357810181001,0.3305114788901259,0.07571032156322251,-3.539395253336917e-06
482506.2257316831,5930.308915093367,4460.889768594771,0.33062980457644503,0.07462669387435505,-3.5393565643822316e-06
483313.557959379,5930.308250699695,4460.710067409377,0.33070239179354644,0.07462669387435505,-3.5393416778404193e-06
483959.42374153575,5930.307719126513,4460.566497251936,0.3307386303688429,0.07462669387435505,-3.5393297727520498e-06
484476.11636726116,5930.307293830737,4460.451762914218,0.3307675863394902,0.07462669387435505,-3.5393202417789973e-06
484889.4704678415,5930.306953570312,4460.360053225304,0.3307907288395229,0.07462669387435505,-3.539312612551548e-06
485220.15374830575,5930.306681346748,4460.28673517167,0.3308092286093656,0.07417115845340155,-3.539306511087083e-06
485484.7003726771,5930.306463558159,4460.228112495562,0.33082401933109185,0.07412620719421828,-3.5393016343141204e-06
485907.9749716713,5930.306115078424,4460.134374862324,0.330841100234886,0.07405438346184279,-3.5392938337876734e-06
486246.59465086664,5930.305836278704,4460.059436659051,0.3308600088078524,0.07399698879692469,-3.5392875878970546e-06
486788.38613757916,5930.305390169716,4459.9396313312445,0.330881841402242,0.07390519045691009,-3.5392775983437103e-06
487655.2525163193,5930.304676320058,4459.7481874848745,0.3309167365105638,0.07375842964802153,-3.539261618773366e-06
489042.2387223035,5930.303533968228,4459.442501419255,0.33097247414366404,0.07352388954860216,-3.5392360428785587e-06
491261.4166518782,5930.301705714145,4458.954992087373,0.3310614135262377,0.0731492876877533,-3.539195088063078e-06
494812.10133919783,5930.298779255647,4458.17900581908,0.33120310480708304,0.07255141083699246,-3.5391295549380297e-06
498812.10133919783,5930.295480638517,4457.310688777639,0.33138744689188493,0.07187989886350454,-3.5390558144404967e-06
502812.10133919783,5930.292180090587,4456.44849480135,0.33158142214353015,0.0712114212260452,-3.5389818959029375e-06
506812.10133919783,5930.288877625447,4455.592331908116,0.33177402939210954,0.07054591180724766,-3.5389079729760045e-06
510812.10133919783,5930.285573256531,4454.7421103107945,0.3319652891367408,0.06988532372326989,-3.5388339063188303e-06
514012.1013391979,5930.282928399553,4454.066151889344,0.33213630689862245,0.06936418149887863,-3.5387746404422484e-06
515557.40428649914,5930.281650747901,4453.74105510333,0.33224845196691416,0.06936418149887863,-3.5387460166614855e-06
516793.64664434013,5930.280628425045,4453.4815960681935,0.3323139623501158,0.06936418149887863,-3.5387231132358885e-06
518771.63441688573,5930.278992336871,4453.067598356156,0.3323894574185564,0.06936418149887863,-3.538686468542539e-06
520354.02463492216,5930.277683137937,4452.737401689404,0.33247285428421613,0.06837810937308324,-3.538657133775455e-06
521619.9368093513,5930.276635569193,4452.47388159818,0.33253938889934775,0.06817859058527757,-3.5386336546300775e-06
522632.66654889466,5930.275797380348,4452.263471469206,0.33259250016821257,0.06817859058527757,-3.538614869338986e-06
523442.85034052934,5930.275126743756,4452.095402211089,0.33263491498218345,0.06789651455343766,-3.5385998543915516e-06
524739.1444071449,5930.274053567381,4451.82696818929,0.3326838414116892,0.06769502995602523,-3.53857582796615e-06
525776.1796604373,5930.273194886674,4451.612641898901,0.3327379409256432,0.06769502995602523,-3.5385565727480782e-06
527435.4360657051,5930.2718207399885,4451.270494392998,0.33280031574218966,0.06727946233263167,-3.5385257963551915e-06
528762.8411899194,5930.270721194928,4450.997459488759,0.3328692521106322,0.06727946233263167,-3.5385011633303117e-06
529824.7652892908,5930.269841413472,4450.779466658339,0.332924276408005,0.06727946233263167,-3.538481463422522e-06
530674.3045687879,5930.269137495416,4450.605349787577,0.33296821632472157,0.06678510586582742,-3.5384656975954003e-06
531353.9359923856,5930.268574301606,4450.466233280493,0.33300331754043,0.06678510586582742,-3.5384530776141705e-06
532441.3462701419,5930.267673081909,4450.2439730961805,0.33304381995211374,0.06651647142900385,-3.5384328973654842e-06
534181.2027145519,5930.266230850367,4449.889188500145,0.3331084977939178,0.06625210792305125,-3.538400585847418e-06
536964.973025608,5930.263922565241,4449.323648309653,0.33321166152422166,0.06582910726881122,-3.5383488908790184e-06
539191.9892744528,5930.2620753062,4448.873075752399,0.33332551059382354,0.06582910726881122,-3.538307517600629e-06
540973.6022735286,5930.260597096664,4448.513798435406,0.3334162506104402,0.06522107626043462,-3.5382744420506703e-06
542398.8926727892,5930.259414272333,4448.227127473853,0.3334886270689375,0.06522107626043462,-3.538247953411949e-06
544679.357311606,5930.257521280202,4447.7698334152265,0.3335720122391596,0.06522107626043462,-3.5382055420047305e-06
546503.7290226596,5930.256006468425,4447.405212770821,0.3336641002168555,0.06438511154617396,-3.5381716023401125e-06
547382.1264703108,5930.255276985534,4447.230038267766,0.3337245706768005,0.06438511154617396,-3.538155270240287e-06
548084.8444284318,5930.254693337477,4447.090077127736,0.333759880744743,0.06438511154617396,-3.5381421843871646e-06
549209.1931614254,5930.253759386584,4446.866468224679,0.3338006240094054,0.06438511154617396,-3.5381212802208246e-06
550108.6721478202,5930.253012125001,4446.687871660225,0.33384568881808774,0.06384387670608457,-3.5381045378271767e-06
550828.2553369361,5930.252414251273,4446.5451797771575,0.33388168754254416,0.06373608360415688,-3.5380911428565484e-06
551403.9218882287,5930.251935911083,4446.431144607137,0.33391045262055685,0.06364915137914269,-3.538080428774259e-06
552324.988370297,5930.25117049068,4446.248906564248,0.3339436528123743,0.06351081157842395,-3.538063295515814e-06
553798.6947416062,5930.249945623538,4445.957882453248,0.33399668878601063,0.0632891504399818,-3.538035868446094e-06
556156.624935701,5930.247985339459,4445.493661389537,0.33408133144132146,0.06293664484274436,-3.5379919487160383e-06
559929.3132462527,5930.244847618613,4444.754504943809,0.3342162135708331,0.06236966035428545,-3.537921687286167e-06
561989.0513781899,5930.243133892636,4444.352805810988,0.3343439801018269,0.06236966035428545,-3.5378833279573995e-06
563636.8418837397,5930.241762580134,4444.032379766995,0.33442487863414794,0.06236966035428545,-3.5378526098049748e-06
566273.3066926193,5930.2395678688345,4443.521411153949,0.3345180509913133,0.06236966035428545,-3.53780349999917e-06
568382.4785397231,5930.237811559906,4443.114143303747,0.33462091328813853,0.06117861566365734,-3.537764206572681e-06
570069.8160174061,5930.236406168394,4442.789286520464,0.33470292811636565,0.06117861566365734,-3.53773273437241e-06
571419.6859995525,5930.235281635372,4442.53001033868,0.3347683651316828,0.060753199171451853,-3.5377075521706584e-06
572499.5819852697,5930.234381868573,4442.322977504708,0.33482060343044273,0.060753199171451853,-3.5376874127212537e-06
573363.4987738434,5930.233661965446,4442.1575987113865,0.334862323126703,0.06048317090969155,-3.5376712779734686e-06
574054.6322047024,5930.233085985621,4442.025453596553,0.33489565363235313,0.06038692129057821,-3.5376583628631803e-06
574607.5389493895,5930.23262516511,4441.9198383305265,0.3349222891546501,0.060310239865134466,-3.537648048555228e-06
575492.1897408889,5930.231887784584,4441.751039946004,0.33495303434488827,0.060187572519915924,-3.5376317045458492e-06
576907.631007288,5930.230707802764,4441.481437004827,0.33500215479308426,0.059991852140804006,-3.537605294109346e-06
579172.3370335266,5930.228819389956,4441.051281073517,0.33508056427745897,0.0596793984821263,-3.537563061912557e-06
582795.8666755084,5930.2257968024305,4440.366101034296,0.33520555359057636,0.059182563178863265,-3.5374953941669786e-06
586795.8666755084,5930.222458577316,4439.614072845357,0.33536656891432454,0.05863198842656435,-3.5374206260640347e-06
589995.8666755084,5930.219786792847,4439.015690196235,0.33551781159585814,0.05863198842656435,-3.5373608233126734e-06
592555.8666755084,5930.217648598229,4438.539035650612,0.33563821542100714,0.05863198842656435,-3.5373130073689877e-06
594603.8666755084,5930.215937553543,4438.1590139400705,0.3357341643038074,0.05863198842656435,-3.5372747139785607e-06
596242.2666755085,5930.214568405808,4437.855824196744,0.33581068576700607,0.05735292881416177,-3.537244056974931e-06
596910.7552925261,5930.214009696147,4437.732329144116,0.3358584685422864,0.05735292881416177,-3.5372315461479577e-06
597445.5461861402,5930.213562695295,4437.6336205999605,0.335883357216576,0.05735292881416177,-3.537221538824167e-06
597873.3789010315,5930.213205073432,4437.554709665446,0.33590325214797107,0.05735292881416177,-3.537213536739697e-06
598215.6450729445,5930.212918962394,4437.491616643529,0.3359191578641687,0.05708759185131706,-3.537207134651983e-06
598489.4580104749,5930.212690064897,4437.441165066134,0.3359318758986824,0.057050308102766845,-3.5372020152595927e-06
598927.5587105236,5930.212323812886,4437.36048472522,0.33594656467243733,0.056990917083025824,-3.537193842334303e-06
599278.0392705626,5930.212030797096,4437.295977785681,0.3359628268179196,0.05694352565706333,-3.537187288073268e-06
599558.4237185938,5930.2117963753935,4437.24439610214,0.33597582970146345,0.05690564031240453,-3.537182034255761e-06
600007.0388354437,5930.2114212839,4437.161909484372,0.33599084729188766,0.05684507118318272,-3.5371736543564015e-06
600724.8230224035,5930.210821094622,4437.030043555801,0.3360148583846516,0.05674827567023918,-3.537160240499737e-06
601873.2777215393,5930.209860682108,4436.819345767251,0.3360532325707737,0.056593675632887426,-3.5371387660951436e-06
603710.8052401565,5930.208323741829,4436.48296293778,0.33611452011606346,0.056346934909062334,-3.5371044639227037e-06
606650.849269944,5930.205863922041,4435.946616609285,0.3362122971482345,0.05595495164361407,-3.5370494284467374e-06
610650.849269944,5930.202515870783,4435.220558851825,0.3363537268005091,0.055441376782125615,-3.536974549227509e-06
614650.849269944,5930.199166205283,4434.4986651563795,0.3365158977215649,0.054936133008556716,-3.5368996276105426e-06
618650.849269944,5930.19581493481,4433.780883567757,0.33667713704732694,0.05443268922374408,-3.5368246974109443e-06
622650.849269944,5930.192462068528,4433.067163132118,0.33683745638474116,0.053931438353074096,-3.536749717440832e-06
626650.849269944,5930.189107615489,4432.357453987186,0.3369968670506986,0.053431032618263624,-3.536674635823135e-06
629850.849269944,5930.186422916596,4431.792541901828,0.33713958225245433,0.053431032618263624,-3.5366145283272646e-06
632410.849269944,5930.1842744334535,4431.342421570775,0.3372532339885936,0.052714986813063754,-3.5365664629203524e-06
634458.849269944,5930.182555185248,4430.983474192444,0.33734382528160184,0.052714986813063754,-3.5365279998659857e-06
637735.649269944,5930.179803537618,4430.411265809915,0.3374481265613552,0.05205352133354804,-3.536466436841198e-06
640357.0892699441,5930.177601468598,4429.955351845193,0.33756323721503984,0.05205352133354804,-3.536417166728651e-06
642454.2412699441,5930.175839334561,4429.591797037757,0.33765498772967817,0.05205352133354804,-3.5363777398843028e-06
644131.9628699442,5930.174429321783,4429.301701311778,0.33772817336892597,0.051266162224318235,-3.5363461837607367e-06
645474.1401499442,5930.173301116463,4429.070101117059,0.33778658521317684,0.051266162224318235,-3.5363209436490375e-06
647621.6237979443,5930.1714956280875,4428.70041712534,0.3378539247142325,0.05083980816574969,-3.5362805733527563e-06
649339.6107163443,5930.17005091925,4428.405442531856,0.33792833997897326,0.05062731529750812,-3.5362482556935243e-06
650270.6832735514,5930.169267833363,4428.245865019561,0.3379792270614061,0.05062731529750812,-3.5362307403595064e-06
651015.5413193171,5930.168641305073,4428.118347085747,0.3380113714744032,0.05062731529750812,-3.5362167184189196e-06
652207.3141925421,5930.167638749787,4427.914584023504,0.33804846809892103,0.050283582942287575,-3.5361943036852174e-06
653160.7324911221,5930.166836608193,4427.751808306423,0.33808950627473167,0.05017167055201689,-3.536176368400901e-06
654686.2017688501,5930.165553001943,4427.491799609874,0.33813684994266874,0.05017167055201689,-3.536147522027135e-06
657126.9526132148,5930.163498772837,4427.076887513042,0.33821243280867513,0.049711282804248226,-3.536101569322939e-06
