# {"source": "PROTEUS coupled run, config tools/verification/data/coupled_config.toml with interior_energetics.aragog.core_bc = \"core_module\", interior_energetics.rtol = 1e-10", "commits": {"PROTEUS": "93c88c3b", "aragog": "a8753af"}, "columns": ["Time", "step_dE_core_J", "step_dE_F_cmb_J", "step_dE_impact_core_J", "E_core_residual_frac"]}
0,0,0,0,0
0,0,0,0,0
0,0,0,0,0
1,0,0,0,0
2,-4.4460141210515422e+24,4.4455710724568682e+24,0,-9.9660670688385422e-05
12,-5.2114969615483299e+26,5.2114607436881858e+26,0,-7.7338265254818389e-06
22,-1.6547677181913777e+27,1.6547629856405601e+27,0,-4.0348415350874192e-06
122.00022,-6.057115098405764e+28,6.0571144268012799e+28,0,-2.4722007506020077e-07
222.00144000220001,-8.2681940383435828e+28,8.2681939866368618e+28,0,-1.1022566484091165e-07
322.00366001660007,-8.930382462205056e+28,8.9303824490413228e+28,0,-6.8852020279350003e-08
422.00688005320029,-9.0659765741507856e+28,9.065976545343544e+28,0,-5.0554263790224927e-08
522.01110012200081,-8.1131849952300569e+28,8.1131847833742196e+28,0,-4.5676375457562416e-08
622.01632023300203,-7.5756002320375352e+28,7.575600312753917e+28,0,-3.6828029511064492e-08
722.02254039620436,-6.9940359452574122e+28,6.9940361595151662e+28,0,-2.8283792689904574e-08
822.02976062160838,-6.3777740836366341e+28,6.3777742282054666e+28,0,-2.3008550762961996e-08
922.03798091921442,-5.7436756331397732e+28,5.7436756248421697e+28,0,-2.1169395135758215e-08
1022.0472012990238,-5.1174604576307959e+28,5.1174599989274082e+28,0,-2.6004654882297304e-08
1122.0574217710368,-4.5162064461272279e+28,4.5162057626081639e+28,0,-3.3358435715195865e-08
1222.0686423452546,-3.952678724063019e+28,3.9526784902854672e+28,0,-3.4617820118410198e-08
1322.0808630316781,-3.4447657179506774e+28,3.4447651272074138e+28,0,-4.0205879831779651e-08
1422.0940838403085,-2.9933202128883307e+28,2.9933194840175361e+28,0,-4.7170889278741517e-08
1522.1083047811469,-2.5907804295217054e+28,2.5907797387970875e+28,0,-5.3490591363852655e-08
1682.1310582864885,-3.4234743931044999e+28,3.4234739054727264e+28,0,-5.6751455224630927e-08
1938.1674638950351,-4.0528134455144007e+28,4.0528128161926768e+28,0,-6.0849744088907771e-08
2142.9965883818718,-2.4279700778765678e+28,2.427969946383837e+28,0,-6.0687035702356981e-08
2306.8598879713418,-1.6337973370220303e+28,1.633797335864163e+28,0,-5.9721566562496592e-08
2406.8829565702217,-9.013363644867526e+27,9.0133635690256383e+27,0,-5.9269948643036554e-08
2506.9070253997875,-8.4334515400171278e+27,8.4334514086474477e+27,0,-5.8913038815475701e-08
2606.9320944700416,-7.9373441639780093e+27,7.9373440331981315e+27,0,-5.8589271749837505e-08
2766.9722049824481,-1.1818443043365153e+28,1.1818442846777237e+28,0,-5.8118013585687984e-08
3023.0363818022984,-1.7047251593336441e+28,1.7047251307146077e+28,0,-5.7459065419005364e-08
3432.7390647140587,-2.3594961914549257e+28,2.3594961640881472e+28,0,-5.6468893705761553e-08
4088.2633573728749,-3.1044298047029111e+28,3.1044297878947169e+28,0,-5.5058617399430963e-08
4612.6827914999276,-2.0573139681814568e+28,2.0573138163901167e+28,0,-5.5395189583242077e-08
5032.2183388015701,-1.4411546194724771e+28,1.4411543773303975e+28,0,-5.6795798784922102e-08
5367.8467766428839,-1.0478622594899654e+28,1.0478621180603468e+28,0,-5.7496335144741326e-08
5636.3495269159348,-7.8119289022239477e+27,7.811927586889431e+27,0,-5.8232169226916228e-08
5851.1517271343755,-5.9260167036855758e+27,5.9260159597632234e+27,0,-5.8569292170316548e-08
6022.9934873091279,-4.5519782975058361e+27,4.5519779143725448e+27,0,-5.8667410833350305e-08
6160.4668954489298,-3.5289654578111093e+27,3.5289652714213137e+27,0,-5.8650078365057877e-08
6270.4456219607709,-2.7549287830063847e+27,2.7549286921789821e+27,0,-5.8590819244397193e-08
6370.5083264169907,-2.4561045262375591e+27,2.4561044640368196e+27,0,-5.8522524755216026e-08
6470.5720315002545,-2.4098894180852368e+27,2.4098893707253751e+27,0,-5.8444383517634788e-08
6570.6367372205696,-2.3653281660179297e+27,2.3653281254462681e+27,0,-5.8363069680572388e-08
6670.7024435879421,-2.3223314938843128e+27,2.3223314589280875e+27,0,-5.8279491651309656e-08
6770.7691506123774,-2.2808159902071919e+27,2.2808159599506869e+27,0,-5.8194341552549897e-08
6870.8368583038828,-2.2407034496378897e+27,2.2407034256353065e+27,0,-5.8106265404171465e-08
6970.9055666724653,-2.2019202818137603e+27,2.2019202604947309e+27,0,-5.8018157260400948e-08
7070.9752757281312,-2.1643969599633459e+27,2.1643969415066625e+27,0,-5.7929801163515716e-08
7171.0459854808896,-2.1280675704236923e+27,2.1280675546897145e+27,0,-5.7841248366115262e-08
7271.1176959407449,-2.0928693908602268e+27,2.092869378232984e+27,0,-5.7752122598907165e-08
7371.190407117705,-2.0587425221920669e+27,2.0587425110577316e+27,0,-5.766369270673139e-08
7471.2641190217764,-2.02562953593765e+27,2.0256295277135565e+27,0,-5.7574738793141131e-08
7571.3388316629662,-1.9934751773768528e+27,1.9934751698907867e+27,0,-5.7486987823846475e-08
7671.4145450512824,-1.9622260690080965e+27,1.9622260629612721e+27,0,-5.7399811973988152e-08
7771.4912591967332,-1.9318304830062264e+27,1.9318304797032703e+27,0,-5.7312098266638734e-08
7871.5689741093247,-1.9022381614602089e+27,1.9022381597923721e+27,0,-5.7224707880479863e-08
7971.6476897990651,-1.8734002084533707e+27,1.8734002080375041e+27,0,-5.7137909400851665e-08
8071.7274062759634,-1.8452691134415872e+27,1.8452691123642095e+27,0,-5.7053214260506694e-08
8171.8081235500258,-1.8177989279959223e+27,1.8177989270292036e+27,0,-5.6969950958369298e-08
8271.8898416312604,-1.7909457199816445e+27,1.7909457190093766e+27,0,-5.6888173258081971e-08
8371.9725605296771,-1.7646683150004697e+27,1.7646683148645794e+27,0,-5.6807162624423198e-08
8472.0562802552831,-1.7389288269528783e+27,1.7389288265685847e+27,0,-5.6727761345780485e-08
8572.1410008180865,-1.7136923025104495e+27,1.7136923025357982e+27,0,-5.6649404493222722e-08
8672.2267222280952,-1.6889264843605032e+27,1.6889264847814949e+27,0,-5.65720728086655e-08
8772.3134444953175,-1.6646027191351625e+27,1.6646027191896787e+27,0,-5.6496349901446252e-08
8872.4011676297632,-1.6406975123365458e+27,1.6406975123717995e+27,0,-5.6421927267238975e-08
8972.4898916414404,-1.6171936798993107e+27,1.6171936825277279e+27,0,-5.6346683393475692e-08
9072.5796165403553,-1.5940805672862718e+27,1.5940805671333198e+27,0,-5.6274902052460775e-08
9172.6703423365234,-1.571353384144606e+27,1.5713533837393824e+27,0,-5.6204526628962026e-08
9272.7620690399472,-1.5490121099097515e+27,1.5490121082219761e+27,0,-5.6136353407194252e-08
9372.8547966606384,-1.5270601669965442e+27,1.5270601652761703e+27,0,-5.6069356264174732e-08
9472.9485252086033,-1.5055030701584287e+27,1.5055030704246227e+27,0,-5.6001901314348372e-08
9573.0432546938555,-1.4843470886188816e+27,1.4843470869147804e+27,0,-5.5937117187373277e-08
9673.1389851264048,-1.4635980325731131e+27,1.463598031971098e+27,0,-5.5872531374760833e-08
9773.2357165162557,-1.4432604338031512e+27,1.4432604335342164e+27,0,-5.5808732218838745e-08
9873.3334488734217,-1.4233370955126594e+27,1.4233371004796168e+27,0,-5.5741808057250516e-08
9973.4321822079128,-1.4038290403824188e+27,1.4038290398172561e+27,0,-5.5680276715360499e-08
10073.531916529731,-1.3847355782155203e+27,1.3847355775038139e+27,0,-5.5619838190622084e-08
10173.6326518489,-1.3660545625400866e+27,1.3660545619816029e+27,0,-5.5560231136769682e-08
10273.734388175417,-1.3477825855993731e+27,1.3477825848681363e+27,0,-5.5501689654771681e-08
10373.837125519298,-1.3299151762782167e+27,1.3299151756885596e+27,0,-5.5443942226295014e-08
10473.940863890552,-1.3124469609851247e+27,1.3124469603828796e+27,0,-5.5387087956654717e-08
10574.045603299191,-1.2953632291870439e+27,1.2953632285279779e+27,0,-5.5331139802853577e-08
10674.151343755224,-1.2786470675739161e+27,1.2786470665725556e+27,0,-5.5276301218279323e-08
10774.258085268662,-1.2623078789096613e+27,1.262307877882354e+27,0,-5.5222301869148835e-08
10874.365827849517,-1.2463328755383899e+27,1.2463328742759444e+27,0,-5.5169285570164457e-08
10974.474571507792,-1.2307054773454836e+27,1.2307054760199914e+27,0,-5.5117097519490611e-08
11074.584316253509,-1.2154272268194446e+27,1.215427225654898e+27,0,-5.5065542919197651e-08
11174.695062096673,-1.2004811978757534e+27,1.2004811969838692e+27,0,-5.5014516398341852e-08
11274.806809047292,-1.1858653371431959e+27,1.1858653370011896e+27,0,-5.4963627441502687e-08
11374.919557115383,-1.171569849593198e+27,1.1715698493469152e+27,0,-5.4913527291364963e-08
11475.033306310954,-1.1575829680191171e+27,1.1575829676141816e+27,0,-5.4864241326639504e-08
11575.148056644017,-1.1438998695284972e+27,1.143899869297023e+27,0,-5.4815493827521087e-08
11675.263808124584,-1.1305079946414492e+27,1.1305079951504386e+27,0,-5.4766827718860072e-08
11775.380560762664,-1.1174013118446184e+27,1.1174013122078597e+27,0,-5.4718918813895399e-08
11875.498314568273,-1.1045693852685956e+27,1.1045693854607187e+27,0,-5.4671771720970051e-08
11975.617069551419,-1.0920049237758612e+27,1.092004926037122e+27,0,-5.4623631213091624e-08
12075.736825722115,-1.0796988556294516e+27,1.0796988581140945e+27,0,-5.4575920268082572e-08
12175.857583090372,-1.0676437010889763e+27,1.0676437001892948e+27,0,-5.4531424067088765e-08
12275.979341666203,-1.0558312216318172e+27,1.0558312210767709e+27,0,-5.4487233215608056e-08
12376.102101459621,-1.0442540668699712e+27,1.044254065870658e+27,0,-5.4443946730628125e-08
12476.225862480633,-1.032904787797864e+27,1.0329047866745592e+27,0,-5.4401303852123456e-08
12576.350624739258,-1.0217763087234262e+27,1.021776307835697e+27,0,-5.4359014641651825e-08
12676.476388245504,-1.0108617663713692e+27,1.0108617656306391e+27,0,-5.4317136622238238e-08
12776.603153009388,-1.0001542084741498e+27,1.0001542078438178e+27,0,-5.4275687354088298e-08
12876.730919040918,-9.8964700758747343e+26,9.8964700704002563e+26,0,-5.4234677659075094e-08
12976.859686350108,-9.7933404518956641e+26,9.7933404468324859e+26,0,-5.4194129604009977e-08
13076.989454946972,-9.6920954841105179e+26,9.6920954795156354e+26,0,-5.4154028927721496e-08
13177.120224841519,-9.5926796230273221e+26,9.5926796201022075e+26,0,-5.4114273606079154e-08
13277.251996043769,-9.4950383980927207e+26,9.4950383936161635e+26,0,-5.4075102312832983e-08
13377.384768563728,-9.3991174948143394e+26,9.399117501005064e+26,0,-5.4035566730400715e-08
13477.518542411412,-9.3048652101683514e+26,9.3048652146249236e+26,0,-5.3996612228376817e-08
13577.653317596838,-9.2122344686470953e+26,9.2122344629746557e+26,0,-5.3958874233411105e-08
13677.789094130012,-9.1211824493722922e+26,9.1211824394701001e+26,0,-5.3921890435385135e-08
13777.925872020953,-9.0316693964917204e+26,9.0316693861338178e+26,0,-5.3885362902007303e-08
13878.063651279675,-8.9436576183555296e+26,8.9436576414726667e+26,0,-5.3846685262911894e-08
13978.202431916186,-8.8571111533941842e+26,8.8571111439315232e+26,0,-5.3810910293860653e-08
14078.342213940505,-8.7719951954253741e+26,8.7719951791877136e+26,0,-5.3776051986217763e-08
14178.482997362644,-8.6882762032265936e+26,8.6882761940723993e+26,0,-5.3741042905189056e-08
14278.624782192615,-8.6059216747359148e+26,8.6059216664177933e+26,0,-5.3706354243529515e-08
14378.767568440438,-8.5248999899326561e+26,8.5248999666975043e+26,0,-5.3673181657208286e-08
14478.911356116119,-8.4451802818092523e+26,8.445180281521998e+26,0,-5.3638627956487046e-08
14579.056145229682,-8.3667326213791279e+26,8.366732623265718e+26,0,-5.3604273589425875e-08
14679.201935791134,-8.289527793487507e+26,8.2895277886935043e+26,0,-5.3570787035314582e-08
14779.348727810491,-8.2135373596141107e+26,8.2135373457255663e+26,0,-5.3538344894987926e-08
14879.49652129777,-8.1387336471208126e+26,8.1387336185147608e+26,0,-5.3507367651874655e-08
14979.645316262984,-8.0650897156547858e+26,8.0650896721544595e+26,0,-5.3477860782842884e-08
15079.795112716149,-7.9925793261524783e+26,7.992579309922524e+26,0,-5.3446612210229313e-08
15179.945910667278,-7.9211771143745658e+26,7.9211770863301034e+26,0,-5.3416588536663124e-08
15340.187187389089,-1.2527899973945326e+27,1.2527900168482826e+27,0,-5.3351051402629136e-08
15596.57323014398,-1.9680497624645828e+27,1.9680497553335501e+27,0,-5.3276904535235114e-08
16006.790898551808,-3.0593859816414281e+27,3.0593859676019786e+27,0,-5.3164312187784073e-08
16663.139168004331,-4.6800077949973343e+27,4.6800077670156704e+27,0,-5.2997981149393252e-08
17188.21778356635,-3.5671087287053044e+27,3.5671087118361643e+27,0,-5.2868639571654551e-08
18028.343568465581,-5.4086313119101814e+27,5.4086312758574919e+27,0,-5.2681679107634675e-08
18700.444196384968,-4.0843844109765736e+27,4.0843844220012646e+27,0,-5.2512963579004446e-08
19238.124698720476,-3.1249962690583132e+27,3.1249962489018627e+27,0,-5.2405846687342722e-08
20098.41350245729,-4.7573649182983006e+27,4.757364892298413e+27,0,-5.2240255142832594e-08
20786.644545446739,-3.6074672235819335e+27,3.6074672157987105e+27,0,-5.2106640932593865e-08
21337.2293798383,-2.7685727871222374e+27,2.7685727860711108e+27,0,-5.2000947728716576e-08
21437.442752132098,-4.9322527633119685e+26,4.932252761865561e+26,0,-5.1982132199407362e-08
21537.657126559618,-4.9002552436023642e+26,4.900255243478533e+26,0,-5.1963355442166496e-08
21637.872503130879,-4.8685959304099835e+26,4.8685959277261945e+26,0,-5.1944902219063163e-08
21738.088881855911,-4.8372697660798549e+26,4.8372697592059199e+26,0,-5.1926890917319586e-08
21838.306262744733,-4.8062717957741865e+26,4.8062717825984617e+26,0,-5.1909475250843461e-08
21938.52464580736,-4.7755971620680461e+26,4.7755971397871411e+26,0,-5.1892859687137371e-08
22038.744031053819,-4.745241074505028e+26,4.7452410660146027e+26,0,-5.1875356497542224e-08
22138.964418494128,-4.7151988980817268e+26,4.7151988913838683e+26,0,-5.1857848264558424e-08
22239.185808138311,-4.6854660393629616e+26,4.6854660357736451e+26,0,-5.1840236883941543e-08
22339.408199996396,-4.6560380153418142e+26,4.6560380081819677e+26,0,-5.1823012383219607e-08
22439.631594078397,-4.62691041125216e+26,4.6269103994740856e+26,0,-5.1806250133679853e-08
22539.855990394339,-4.5980788888215139e+26,4.5980788836014896e+26,0,-5.1789127050552785e-08
22640.081388954244,-4.569539251832182e+26,4.5695392245950092e+26,0,-5.1773741653620244e-08
22800.442026650093,-7.2525230501151432e+26,7.2525229965139293e+26,0,-5.1750105587692046e-08
23057.019046963451,-1.1456242936858832e+27,1.1456242782294029e+27,0,-5.1717948827352895e-08
23467.542279464826,-1.7961863510775582e+27,1.7961863275889096e+27,0,-5.1667094074843943e-08
24124.379451467015,-2.7836374724525987e+27,2.783637428017723e+27,0,-5.1594420066597655e-08
25175.318926670523,-4.2377951075244632e+27,4.2377950871667162e+27,0,-5.1449875570728786e-08
25865.799819478991,-2.6499557107688508e+27,2.6499557136868771e+27,0,-5.1348557927612144e-08
26418.184533725773,-2.0484254557707801e+27,2.0484254559226391e+27,0,-5.1272034679736861e-08
26860.092305123195,-1.595178941416246e+27,1.5951789356780292e+27,0,-5.1216850600206084e-08
27213.618522241133,-1.2493328320132383e+27,1.2493328283129435e+27,0,-5.1173144438447227e-08
27496.439495935479,-9.8282856053148137e+26,9.8282855891792717e+26,0,-5.1137877243322213e-08
27722.696274890957,-7.758712104136286e+26,7.7587120929982277e+26,0,-5.1109955994994834e-08
27903.701698055334,-6.1417365076059288e+26,6.1417365010377178e+26,0,-5.1087713249129514e-08
28048.506036586845,-4.8722761337762211e+26,4.8722761337606053e+26,0,-5.1069706163646122e-08
28164.349507412051,-3.8718279320286385e+26,3.871827986326742e+26,0,-5.1051477491941583e-08
28264.631150907127,-3.3332329964170403e+26,3.33323300332693e+26,0,-5.1038673170271267e-08
28364.913797218636,-3.3162711538797194e+26,3.3162711552948376e+26,0,-5.1026334817402752e-08
28465.197446356604,-3.299447931598497e+26,3.2994479327830016e+26,0,-5.1014081074606224e-08
28565.482098331067,-3.2827617567700163e+26,3.2827617572988911e+26,0,-5.1001942042393983e-08
28665.767753152049,-3.266211074245031e+26,3.2662110738121505e+26,0,-5.0989939210916047e-08
28766.05441082958,-3.2497943516399907e+26,3.2497943498416638e+26,0,-5.0978101103668704e-08
28866.342071373689,-3.2335100736962829e+26,3.2335100745096871e+26,0,-5.0966139895034512e-08
29026.802328244263,-5.1400046111133365e+26,5.1400046061008843e+26,0,-5.0947592915182872e-08
29283.538739237192,-8.1391431534226239e+26,8.1391431347590751e+26,0,-5.0919025879615372e-08
29694.316996825874,-1.2810091737087491e+27,1.2810091710845167e+27,0,-5.0873906750824966e-08
30351.562208967764,-1.9970592763308387e+27,1.9970592701407801e+27,0,-5.0805243734237665e-08
30877.358378681271,-1.5529551489673573e+27,1.5529551426540979e+27,0,-5.0753064318047397e-08
31297.995314452088,-1.2149079122720864e+27,1.2149079076752752e+27,0,-5.0712078700070285e-08
31971.014411685388,-1.8951055638306255e+27,1.8951055308545969e+27,0,-5.0666798393156187e-08
32509.429689472032,-1.4745896993322493e+27,1.4745896965501897e+27,0,-5.0615259214477947e-08
33370.894133930662,-2.2863773588921772e+27,2.2863773512987547e+27,0,-5.05379079667369e-08
34060.065689497569,-1.7675705763365088e+27,1.767570573754767e+27,0,-5.0475932326941145e-08
34611.402933951096,-1.3765641502332345e+27,1.3765641495120555e+27,0,-5.0426854378956398e-08
35052.472729513916,-1.0781650041467057e+27,1.0781650017290965e+27,0,-5.0389803762946514e-08
35405.32856596417,-8.4820002261184615e+26,8.4820002237270622e+26,0,-5.0359510626799535e-08
35687.613235124372,-6.696059799300212e+26,6.6960597969763749e+26,0,-5.0335652825659212e-08
35913.440970452531,-5.300626965390045e+26,5.3006269588720948e+26,0,-5.0317116202154674e-08
36274.765346977583,-8.3790264327776153e+26,8.3790264262996942e+26,0,-5.0287570490263936e-08
36852.884349417669,-1.3151920228217129e+27,1.3151920183695429e+27,0,-5.0243708579889174e-08
37315.379551369741,-1.0302709812212644e+27,1.0302709802980168e+27,0,-5.0207583999374964e-08
37685.375712931389,-8.1062778667611269e+26,8.1062778396877366e+26,0,-5.0180604666784955e-08
37981.372642180722,-6.4001029049537472e+26,6.4001028993213834e+26,0,-5.0158208337883923e-08
38218.17018558018,-5.0667526771472237e+26,5.0667526578116335e+26,0,-5.0141547889569835e-08
38597.046255019312,-8.0100534280961396e+26,8.010053416818677e+26,0,-5.0113865772582955e-08
39203.247966121919,-1.2574546679067917e+27,1.2574546632496628e+27,0,-5.0072517798472293e-08
39688.209335004001,-9.8519127778564357e+26,9.8519127686772838e+26,0,-5.0038240406087803e-08
40464.147525215332,-1.5393149133736009e+27,1.5393149102244316e+27,0,-4.9985992129678096e-08
41084.898077384394,-1.1998720335389496e+27,1.1998720323536057e+27,0,-4.9944447234569344e-08
41581.498519119647,-9.4042247705478925e+26,9.4042247469604434e+26,0,-4.9912944480128953e-08
41978.77887250785,-7.4023362050834041e+26,7.4023362000952745e+26,0,-4.9887218803517667e-08
42614.427437928978,-1.1626376574806284e+27,1.1626376556620228e+27,0,-4.9847597371769224e-08
43631.465142602785,-1.8066762173514375e+27,1.8066762115008952e+27,0,-4.9788286847877215e-08
44445.095306341827,-1.40001178031192e+27,1.400011779099803e+27,0,-4.9740093061049444e-08
45095.999437333063,-1.0922846566859263e+27,1.092284654657137e+27,0,-4.9703319840927492e-08
46137.446046919038,-1.6986431951188143e+27,1.6986431911951714e+27,0,-4.9646784604243154e-08
46970.603334587817,-1.3173702700410646e+27,1.3173702681076048e+27,0,-4.9602253462718906e-08
48303.654994857861,-2.0351188273019297e+27,2.0351188196180952e+27,0,-4.9536912552637674e-08
50436.537651289931,-3.0830762899300535e+27,3.0830762876312165e+27,0,-4.9431748608308624e-08
52142.843776435584,-2.3255028740119129e+27,2.3255028705404488e+27,0,-4.9353937706315466e-08
53507.888676552109,-1.7773782885413844e+27,1.7773782843205902e+27,0,-4.9295729796285546e-08
54599.924596645331,-1.3720899189370703e+27,1.3720899162465054e+27,0,-4.9250497939078466e-08
55473.553332719908,-1.0673626761704874e+27,1.0673626752327114e+27,0,-4.9214567398175556e-08
56172.456321579572,-8.3524783661650972e+26,8.3524783534055259e+26,0,-4.9186864775756983e-08
56731.578712667302,-6.5663552695516789e+26,6.5663552770721735e+26,0,-4.9163888590379072e-08
56970.134674516514,-2.7710044865545757e+26,2.7710044865885287e+26,0,-4.9154417152791716e-08
57160.979443995886,-2.2038103133161771e+26,2.2038103122369923e+26,0,-4.9146963893958356e-08
57313.655259579384,-1.7548019346115399e+26,1.7548019330767601e+26,0,-4.9141077744829996e-08
57435.795912046175,-1.398599058598389e+26,1.3985990595048731e+26,0,-4.9136239464254871e-08
57536.370270005296,-1.1481696871945019e+26,1.1481696874892808e+26,0,-4.9132299437438233e-08
57636.945633708005,-1.1450528988121243e+26,1.1450528991268197e+26,0,-4.9128369292897267e-08
57737.52200316434,-1.1419494545841836e+26,1.1419494546087057e+26,0,-4.9124470520230234e-08
57898.444194294483,-1.8206734321533888e+26,1.8206734280441455e+26,0,-4.9118543892778247e-08
58027.181947198587,-1.4508584517118484e+26,1.4508584508579416e+26,0,-4.9113654043569146e-08
58130.172149521874,-1.1570715724741168e+26,1.1570715720787436e+26,0,-4.9109735220283623e-08
58294.95647323913,-1.8446678422936344e+26,1.8446678400528015e+26,0,-4.9103600739721786e-08
58558.611391186743,-2.9345801841706608e+26,2.9345801789274891e+26,0,-4.9093961481650747e-08
58980.459259902927,-4.6526076687443037e+26,4.6526076623857228e+26,0,-4.9078551427196195e-08
59655.415849848825,-7.3368656900267188e+26,7.3368656702609426e+26,0,-4.9054946455371564e-08
60735.346393762258,-1.1472423704946907e+27,1.1472423658378448e+27,0,-4.9019169661874147e-08
62463.235264023744,-1.7705064659203612e+27,1.7705064571431803e+27,0,-4.8965168773897796e-08
65227.857456442114,-2.6780813550931456e+27,2.6780813217475753e+27,0,-4.8897604173352564e-08
67439.555210376813,-2.0167652743823443e+27,2.0167652665339588e+27,0,-4.8834977573005582e-08
70978.271616672326,-3.0178978853730666e+27,3.0178978766617899e+27,0,-4.8739499273045955e-08
71301.334089695083,-2.6362329511907529e+26,2.6362329507456816e+26,0,-4.8730684554849872e-08
71559.784068113295,-2.095353874718487e+26,2.0953538746725343e+26,0,-4.8723659458211811e-08
71766.544050847864,-1.6676387685259036e+26,1.6676387676462582e+26,0,-4.8718127834161895e-08
71931.952037035517,-1.3286193677374186e+26,1.3286193681257596e+26,0,-4.871364670642323e-08
72064.278425985642,-1.0594015044946577e+26,1.0594015043515404e+26,0,-4.8710105331914117e-08
72170.139537145747,-8.4529555754516396e+25,8.4529555250911106e+25,0,-4.8707618707835383e-08
72270.861238541125,-8.0242824438430736e+25,8.0242824468162407e+25,0,-4.8704909066880417e-08
72371.583947153515,-8.0065873430036428e+25,8.0065873337600726e+25,0,-4.8702289706438797e-08
72472.307662992986,-7.9889539680503448e+25,7.9889539565346287e+25,0,-4.8699692174122426e-08
72573.032386069623,-7.9713820274876937e+25,7.9713820220976781e+25,0,-4.8697058673287254e-08
72673.758116393481,-7.9538712405162527e+25,7.9538712403080224e+25,0,-4.8694395681555965e-08
72774.484853974645,-7.9364213175545658e+25,7.936421321395129e+25,0,-4.8691710975788715e-08
72875.212598823186,-7.9190319737499565e+25,7.9190319786009297e+25,0,-4.8689025436893637e-08
72975.941350949171,-7.9017029226734887e+25,7.9017029257788926e+25,0,-4.8686357998996403e-08
73076.671110362688,-7.8844338710282364e+25,7.8844338791890952e+25,0,-4.8683661864386266e-08
73177.401877073789,-7.8672245144834549e+25,7.8672245552293029e+25,0,-4.8680747693975165e-08
73278.133651092561,-7.8500746803260986e+25,7.8500746743820494e+25,0,-4.8678160652497715e-08
73439.30448952259,-1.2524432810533453e+26,1.2524432764182004e+26,0,-4.8674287233764026e-08
73697.177831010631,-1.9948276741943342e+26,1.9948276670625399e+26,0,-4.8668101982796326e-08
74109.775177391493,-3.168695146860483e+26,3.1686951351216556e+26,0,-4.8658308675455012e-08
74769.930931600873,-5.0118421053541528e+26,5.0118420846522922e+26,0,-4.8642974257926376e-08
75826.180138335883,-7.8738122585675495e+26,7.8738122256865086e+26,0,-4.8618929125187434e-08
77516.1788691119,-1.2240375392266996e+27,1.2240375323144028e+27,0,-4.8582836546191772e-08
80220.176838353524,-1.8721700537223327e+27,1.8721700433029839e+27,0,-4.8527645067842825e-08
84220.176838353524,-2.5913111967774097e+27,2.5913111767097128e+27,0,-4.8455348991633262e-08
87299.34882503796,-1.8638458107301465e+27,1.8638458090568561e+27,0,-4.8394788705131684e-08
89762.686414385505,-1.4165510670308652e+27,1.4165510649883038e+27,0,-4.8349391163876226e-08
91733.356485863536,-1.0888991950666101e+27,1.0888991928003896e+27,0,-4.8315028602874246e-08
93309.892543045964,-8.4431163708322001e+26,8.4431163544268626e+26,0,-4.8288340125254294e-08
94571.1213887919,-6.5904245655352694e+26,6.590424570902042e+26,0,-4.8266291131863337e-08
95580.104465388635,-5.170971217472998e+26,5.1709712205053432e+26,0,-4.8249085205755852e-08
97194.477387943436,-8.0925876224810358e+26,8.0925876142573787e+26,0,-4.822306504983814e-08
99777.474064031136,-1.2505742503471495e+27,1.2505742489736002e+27,0,-4.8182981445002946e-08
99971.303668921595,-9.1730847200169288e+25,9.1730847200101565e+25,0,-4.8179975481263687e-08
100126.367352834,-7.3177653770223478e+25,7.3177653777883312e+25,0,-4.8177572517220114e-08
100250.41829996389,-5.8410166638045242e+25,5.8410166648501984e+25,0,-4.8175651697472855e-08
100351.42080414688,-4.7471316211708285e+25,4.7471316219547502e+25,0,-4.8174091162782101e-08
100452.42431835493,-4.7394503212780621e+25,4.7394503253284422e+25,0,-4.8172511032862043e-08
100553.42884259811,-4.7317888777560528e+25,4.7317888834583245e+25,0,-4.8170922281695865e-08
100654.43437688654,-4.7241472335216752e+25,4.7241472271616293e+25,0,-4.8169418155200504e-08
100755.4409212303,-4.7165252798129985e+25,4.7165252861991777e+25,0,-4.8167829954549744e-08
100856.44847563952,-4.708922987018855e+25,4.7089229921516966e+25,0,-4.8166252867166567e-08
100957.45704012428,-4.7013402722730117e+25,4.7013402761865215e+25,0,-4.8164686654122246e-08
101058.46661469468,-4.6937770658822642e+25,4.6937770699584321e+25,0,-4.8163121911899096e-08
101220.08193400731,-7.4942630477864351e+25,7.4942630447695349e+25,0,-4.8160688547458904e-08
101349.37418945742,-5.9814733515971858e+25,5.9814733542869563e+25,0,-4.8158711904330662e-08
101452.80799381751,-4.7762888738416866e+25,4.7762888712784647e+25,0,-4.8157165668342376e-08
101553.82252189744,-4.6569680018756898e+25,4.6569679946649259e+25,0,-4.8155690184953924e-08
101715.44576682532,-7.4355654229132683e+25,7.4355654249887279e+25,0,-4.8153242175993871e-08
101974.04295870996,-1.1857187328257391e+26,1.185718731599142e+26,0,-4.8149444814519203e-08
102387.79846572534,-1.8870538604460575e+26,1.8870538570816031e+26,0,-4.8143498614048306e-08
103049.80727694996,-2.9937293801596124e+26,2.993729373687698e+26,0,-4.8134145426878502e-08
104109.02137490938,-4.7257023912235099e+26,4.7257023800594392e+26,0,-4.8119453235754877e-08
105803.76393164444,-7.4012091916502946e+26,7.4012091774944686e+26,0,-4.8096235849661285e-08
108515.35202242051,-1.1450465660394797e+27,1.1450465594896588e+27,0,-4.8063319530586061e-08
112515.35202242051,-1.6068852700607884e+27,1.6068852594847265e+27,0,-4.8018151164782483e-08
115715.35202242051,-1.2202172401654527e+27,1.2202172391403737e+27,0,-4.7979173809757543e-08
118275.3520224205,-9.3740330189299519e+26,9.3740330061739196e+26,0,-4.7949604362063375e-08
122275.3520224205,-1.4005271488694611e+27,1.4005271457382106e+27,0,-4.7906324355276644e-08
125475.35202242048,-1.0679274274185186e+27,1.0679274271453772e+27,0,-4.7871949220918872e-08
126161.75906509568,-2.2332791457821099e+26,2.2332791456206116e+26,0,-4.7864739196094412e-08
126710.88469923584,-1.7724604814554222e+26,1.7724604810920274e+26,0,-4.7859034333378625e-08
127150.18520654792,-1.409008717665676e+26,1.4090087172067225e+26,0,-4.7854511739771895e-08
127501.62561239762,-1.1215255510557408e+26,1.1215255509015792e+26,0,-4.7850898258793424e-08
127782.77793707736,-8.9361103736113224e+25,8.936110377315541e+25,0,-4.7847986191626767e-08
128007.69979682117,-7.1259236225722358e+25,7.1259236240998276e+25,0,-4.7845673902680585e-08
128187.6372846162,-5.6861103744280581e+25,5.6861103772215529e+25,0,-4.7843818347813933e-08
128331.58727485228,-4.5395611000786304e+25,4.5395611052087601e+25,0,-4.7842317472707122e-08
128446.74726704109,-3.6256973388153871e+25,3.6256973447107167e+25,0,-4.7841106668790433e-08
128548.03173451376,-3.1844785079949868e+25,3.1844785097061009e+25,0,-4.7840066662246256e-08
128710.08688247004,-5.0866965473281505e+25,5.0866965536345455e+25,0,-4.7838381390044134e-08
128839.73100083508,-4.0618723916057914e+25,4.0618723971031073e+25,0,-4.7837032620094355e-08
128943.4462955271,-3.2447204742635042e+25,3.2447204804592496e+25,0,-4.7835943064068286e-08
129044.73572999005,-3.1647382554611326e+25,3.1647382617964649e+25,0,-4.7834878438438506e-08
129206.79882513075,-5.0551966754787016e+25,5.055196680523681e+25,0,-4.7833212205602356e-08
129466.09977735592,-8.0669261670634461e+25,8.0669261703058956e+25,0,-4.7830585970408964e-08
129880.98130091616,-1.2852636130085418e+26,1.2852636132563999e+26,0,-4.7826420446958166e-08
130544.79173861252,-2.0426088787909609e+26,2.0426088779292541e+26,0,-4.7819886590331014e-08
131606.88843892672,-3.2333176059485777e+26,3.2333176033541935e+26,0,-4.7809630604064865e-08
133306.2431594294,-5.0860878449458268e+26,5.0860878379487464e+26,0,-4.7793703397702872e-08
136025.2107122337,-7.9223644130823593e+26,7.9223643965908009e+26,0,-4.7769293037758777e-08
140025.2107122337,-1.1198639052475728e+27,1.1198638999920324e+27,0,-4.7736801946469611e-08
143225.2107122337,-8.591603377997413e+26,8.5916033634027073e+26,0,-4.7710176240870195e-08
147225.2107122337,-1.0311200922335028e+27,1.0311200946472809e+27,0,-4.7675460116383799e-08
147748.95111695334,-1.3164871294382283e+26,1.3164871293348622e+26,0,-4.7671245427269206e-08
148167.94344072905,-1.0477508213092972e+26,1.0477508212390284e+26,0,-4.7667890814866684e-08
148503.13729974962,-8.3474614492470928e+25,8.3474614460224932e+25,0,-4.7665236445194826e-08
148771.29238696609,-6.655994036981854e+25,6.655994036748834e+25,0,-4.76631044264628e-08
148985.81645673927,-5.3107991190470206e+25,5.3107991238343509e+25,0,-4.7661369987348826e-08
149157.43571255781,-4.2397163785755839e+25,4.2397163845669825e+25,0,-4.7659970849514464e-08
149294.73111721265,-3.3860800644260192e+25,3.3860800695852439e+25,0,-4.7658850959328541e-08
149404.56744093652,-2.7052295006348275e+25,2.7052295017116067e+25,0,-4.7657976761937167e-08
149506.06148661094,-2.4968960964495806e+25,2.4968960981299428e+25,0,-4.7657165299669686e-08
149607.5565472258,-2.4941731615680773e+25,2.4941731630641162e+25,0,-4.7656355976616955e-08
149709.05262279126,-2.4914550644532936e+25,2.491455066301193e+25,0,-4.7655545185775512e-08
149871.44634369601,-3.9806347993612499e+25,3.9806348049462982e+25,0,-4.765423212821306e-08
150001.36132041979,-3.179474358489192e+25,3.1794743653748655e+25,0,-4.7653167090118132e-08
150105.29330179881,-2.5403655468929222e+25,2.540365553394447e+25,0,-4.7652309445747434e-08
150206.79435473183,-2.4781954237788712e+25,2.478195430216797e+25,0,-4.7651472176487155e-08
150369.19603942466,-3.9594685145438961e+25,3.9594685189023577e+25,0,-4.7650174363061134e-08
150629.03873493319,-6.3207447989959403e+25,6.320744800311896e+25,0,-4.7648140655563931e-08
151044.78704774682,-1.0076495523975562e+26,1.0076495518749484e+26,0,-4.7644948123595167e-08
151709.98434824863,-1.6029182182456929e+26,1.6029182160981423e+26,0,-4.7639958968779198e-08
152774.30002905152,-2.5411025766106911e+26,2.541102571800929e+26,0,-4.7632146318284375e-08
154477.20511833613,-4.0066161934237077e+26,4.0066161842560031e+26,0,-4.7619939777026292e-08
157201.85326119151,-6.2638386855744223e+26,6.2638386691457972e+26,0,-4.7601010326604907e-08
161201.85326119151,-8.8837327371385665e+26,8.8837327087893304e+26,0,-4.7574529702360143e-08
165201.85326119151,-8.5338000261693718e+26,8.533800000287613e+26,0,-4.7549031264901995e-08
169201.85326119151,-8.2058441266797786e+26,8.2058440919579518e+26,0,-4.7525199622455837e-08
172401.85326119151,-6.3421269364007334e+26,6.3421269292316949e+26,0,-4.75054806035302e-08
176401.85326119151,-7.6651123144700744e+26,7.6651123063164837e+26,0,-4.7481636279567676e-08
180401.85326119151,-7.3894335801875311e+26,7.3894335709318876e+26,0,-4.7458766107640464e-08
184401.85326119151,-7.1296462229942504e+26,7.1296462177279251e+26,0,-4.7436476233802833e-08
185051.10098930105,-1.1337343731116304e+26,1.1337343730754049e+26,0,-4.7432880116187655e-08
185570.49917178869,-9.0237969902556392e+25,9.0237969900461857e+25,0,-4.7430017699848053e-08
185986.0177177788,-7.1897694942374646e+25,7.1897694945166762e+25,0,-4.7427734313654594e-08
186318.4325545709,-5.7331965153119133e+25,5.7331965211456325e+25,0,-4.7425876136126212e-08
186584.36442400457,-4.5746981762648957e+25,4.5746981823361687e+25,0,-4.7424384064493054e-08
186797.1099195515,-3.652197860870344e+25,3.6521978617127211e+25,0,-4.7423219728861906e-08
186967.30631598903,-2.9169342774334857e+25,2.9169342783583893e+25,0,-4.7422288152566845e-08
187103.46343313903,-2.3304676167417448e+25,2.3304676180181507e+25,0,-4.7421540305862127e-08
187212.38912685908,-1.8624068785171439e+25,1.8624068796107345e+25,0,-4.7420942184572575e-08
187314.26125075031,-1.7402253786146366e+25,1.7402253800616632e+25,0,-4.7420380471736192e-08
187477.25664897636,-2.7811900415617041e+25,2.7811900427576215e+25,0,-4.7419490251628541e-08
187607.65296755717,-2.2221476444635595e+25,2.2221476516538132e+25,0,-4.7418737291598366e-08
187711.97002242185,-1.7759266665503487e+25,1.7759266737898561e+25,0,-4.7418125559140946e-08
187813.84714212205,-1.7328539025071552e+25,1.7328539094266578e+25,0,-4.7417529643490176e-08
187976.8505336424,-2.7694176587069955e+25,2.769417665002059e+25,0,-4.7416609153077745e-08
188237.65596007495,-4.4230277434868936e+25,4.4230277488274552e+25,0,-4.7415170637378773e-08
188654.9446423671,-7.0563417154584986e+25,7.056341718887262e+25,0,-4.7412909909880532e-08
189322.60653403451,-1.1237989422519396e+26,1.1237989421465e+26,0,-4.7409353468947332e-08
190390.86556070237,-1.784859449518301e+26,1.7848594483208476e+26,0,-4.7403774971920484e-08
192100.08000337097,-2.8224713073150189e+26,2.822471303836651e+26,0,-4.739506214006042e-08
194834.82311164064,-4.4328301491712599e+26,4.4328301407079863e+26,0,-4.7381585382413866e-08
198834.82311164064,-6.3063979621922469e+26,6.3063979497943517e+26,0,-4.7362450220402237e-08
202834.82311164064,-6.10563483035416e+26,6.1056348124578346e+26,0,-4.7344333141412336e-08
206834.82311164064,-5.9151947305405345e+26,5.9151947194498349e+26,0,-4.7326378176043044e-08
210834.82311164064,-5.7343615183417655e+26,5.7343615088547215e+26,0,-4.7308901253935602e-08
214034.82311164067,-4.4633259490457321e+26,4.463325946532074e+26,0,-4.7294982467099861e-08
218034.82311164067,-5.4310180111993999e+26,5.431018007531236e+26,0,-4.7278097775696854e-08
221234.82311164067,-4.2312384077501474e+26,4.2312384057186897e+26,0,-4.7264896504554915e-08
221976.80069181731,-9.6712713973619965e+25,9.6712713969985513e+25,0,-4.7261851626454132e-08
222570.38275595865,-7.6998569143449723e+25,7.6998569140057351e+25,0,-4.7259428036599206e-08
223045.24840727169,-6.136273621847414e+25,6.1362736211240659e+25,0,-4.7257499794486055e-08
223425.14092832213,-4.8939938477311634e+25,4.8939938491602261e+25,0,-4.7255948664304124e-08
223729.05494516244,-3.9056230578887492e+25,3.9056230585543274e+25,0,-4.7254714031828544e-08
223972.18615863472,-3.1183947571425209e+25,3.1183947576742352e+25,0,-4.7253728299530895e-08
224166.69112941256,-2.4908208628249877e+25,2.4908208635741155e+25,0,-4.7252938812012681e-08
224322.29510603481,-1.9901697514749364e+25,1.9901697525372725e+25,0,-4.7252304937950257e-08
224446.77828733265,-1.5905471337357701e+25,1.5905471352288373e+25,0,-4.7251794064208154e-08
224549.02275511553,-1.3053438480203555e+25,1.3053438552605646e+25,0,-4.7251334715255596e-08
224651.26824534309,-1.30440688954271e+25,1.304406896903041e+25,0,-4.7250874868763502e-08
224753.51475802553,-1.3034710482955421e+25,1.3034710557308321e+25,0,-4.7250414825387645e-08
224855.76229317312,-1.3025363227025914e+25,1.3025363299282466e+25,0,-4.7249956481531086e-08
225019.35834940925,-2.0820896186876125e+25,2.0820896254730763e+25,0,-4.7249255595577056e-08
225281.11203938705,-3.3263144566127578e+25,3.3263144626793196e+25,0,-4.7248167726404912e-08
225699.91794335147,-5.3092716037754178e+25,5.3092716089999474e+25,0,-4.7246461145451594e-08
226370.0073896946,-8.4621590726529789e+25,8.4621590758072733e+25,0,-4.7243775839730683e-08
227442.15050384364,-1.3456507858562096e+26,1.3456507855291222e+26,0,-4.7239561513668573e-08
229157.57948648217,-2.1320902516741622e+26,2.132090250113971e+26,0,-4.7232955172026931e-08
231902.26585870373,-3.3588420026656716e+26,3.3588419984511844e+26,0,-4.7222668517361053e-08
235902.26585870373,-4.7830136182596117e+26,4.7830136095862503e+26,0,-4.7208206109376737e-08
239902.26585870373,-4.6554012353464266e+26,4.6554012031990788e+26,0,-4.7195716406527425e-08
243102.26585870373,-3.6361890077563485e+26,3.6361890061822107e+26,0,-4.7184400183765064e-08
245662.26585870373,-2.8545304358396837e+26,2.8545304362381893e+26,0,-4.7175411664958304e-08
246735.56961334124,-1.1827487418853031e+26,1.182748741825867e+26,0,-4.7171703294525931e-08
247594.21261705129,-9.4032251373770035e+25,9.4032251359923233e+25,0,-4.7168761508015187e-08
248281.12702001928,-7.4853212328043942e+25,7.485321233367881e+25,0,-4.7166408916829691e-08
248830.65854239371,-5.964588725076916e+25,5.9645887254852128e+25,0,-4.7164534721222954e-08
249270.28376029324,-4.7566132884948818e+25,4.7566132886660972e+25,0,-4.7163041229790225e-08
249621.98393461289,-3.7956994435174798e+25,3.7956994442560321e+25,0,-4.7161845511946332e-08
249903.34407406853,-3.0304444719662901e+25,3.0304444741844818e+25,0,-4.7160880074686974e-08
250128.43218563305,-2.4204537876813456e+25,2.4204537893415253e+25,0,-4.7160109737647984e-08
250308.50267488463,-1.9338719342898689e+25,1.933871936233056e+25,0,-4.7159490176275957e-08
250452.55906628587,-1.5455063341478823e+25,1.545506336430602e+25,0,-4.7158990194347014e-08
250683.0492925279,-2.4698739063494167e+25,2.4698739131133244e+25,0,-4.7158170469386463e-08
251051.8336545151,-3.944301179916977e+25,3.9443011865127549e+25,0,-4.7156889428242624e-08
251641.88863369465,-6.2917695309313448e+25,6.2917695351254181e+25,0,-4.7154888190944776e-08
252585.97660038184,-1.0018229355543466e+26,1.001822935643984e+26,0,-4.7151740467444563e-08
254096.51734708145,-1.5906064030659321e+26,1.5906064021686942e+26,0,-4.7146812778880416e-08
256513.38254180076,-2.513985211038882e+26,2.5139852087758121e+26,0,-4.7139082773454923e-08
260380.3668533517,-3.945156240379104e+26,3.945156233284119e+26,0,-4.7127192950171925e-08
264380.3668533517,-3.984305013507075e+26,3.9843050097507708e+26,0,-4.7114964927791752e-08
268380.3668533517,-3.8899613019042967e+26,3.889961298262194e+26,0,-4.7103031018177342e-08
271580.3668533517,-3.046521357492085e+26,3.0465213568138756e+26,0,-4.7093544568728174e-08
274140.3668533517,-2.3966499361453691e+26,2.3966499355649067e+26,0,-4.7086087543821344e-08
278140.3668533517,-3.6748169514543991e+26,3.674816949415506e+26,0,-4.7074734470413436e-08
281340.3668533517,-2.8803199700728321e+26,2.8803199690482305e+26,0,-4.7065801739570935e-08
281874.30646131781,-4.7557237070971861e+25,4.7557237070521568e+25,0,-4.7064316245666076e-08
282301.45814769069,-3.7943630249852656e+25,3.7943630250306286e+25,0,-4.7063130569263584e-08
282643.179496789,-3.0289788141985192e+25,3.028978815098469e+25,0,-4.7062178372568731e-08
282916.55657606764,-2.4190291712169789e+25,2.4190291730937495e+25,0,-4.7061410261921254e-08
283135.25823949056,-1.9325717630918451e+25,1.9325717641656705e+25,0,-4.7060799457557033e-08
283310.21957022889,-1.5443639287735856e+25,1.5443639293140705e+25,0,-4.7060313468842586e-08
283450.18863481953,-1.2344091148602421e+25,1.2344091152943744e+25,0,-4.7059925011439973e-08
283562.16388649202,-9.8683571358998694e+24,9.8683571406231631e+24,0,-4.7059613636293213e-08
283664.99950813089,-9.0574740914287323e+24,9.0574740998397235e+24,0,-4.7059325145206645e-08
283767.83615812595,-9.0523906229500404e+24,9.0523906354660335e+24,0,-4.7059034091776214e-08
283870.67383648752,-9.0473119609380518e+24,9.0473119779497064e+24,0,-4.7058740216605583e-08
283973.51254322589,-9.0422380434682696e+24,9.0422381209940464e+24,0,-4.7058406339211841e-08
284076.35227835132,-9.0371689786270859e+24,9.0371690583122799e+24,0,-4.7058071190916094e-08
284179.1930418741,-9.0321047056159058e+24,9.0321047836318918e+24,0,-4.7057737312679091e-08
284343.73826351052,-1.4440658176912685e+25,1.4440658252264077e+25,0,-4.7057236286430105e-08
284607.01061812881,-2.3077682163140616e+25,2.3077682235244935e+25,0,-4.7056467680360442e-08
285028.24638551811,-3.6854405993169375e+25,3.6854406062439943e+25,0,-4.7055270735134998e-08
285702.22361334099,-5.8788893362922853e+25,5.8788893432777644e+25,0,-4.7053388502965235e-08
286780.58717785758,-9.3609200106518037e+25,9.3609200150862956e+25,0,-4.7050436124246235e-08
288505.96888108412,-1.4862730591514437e+26,1.4862730583341329e+26,0,-4.7045850211614441e-08
291266.57960624655,-2.3491586219742351e+26,2.3491586197665504e+26,0,-4.7038664462349699e-08
295266.57960624655,-3.3423657308880474e+26,3.3423657280409102e+26,0,-4.7028424993568911e-08
299266.57960624655,-3.271950400563859e+26,3.2719504067870838e+26,0,-4.7017808119241774e-08
302466.57960624655,-2.5685192846615595e+26,2.5685192840989177e+26,0,-4.7009838194752955e-08
306466.57960624655,-3.1513258761173269e+26,3.1513258743647727e+26,0,-4.7000133988389376e-08
309416.01208769524,-2.2826577290793796e+26,2.2826577287946364e+26,0,-4.6993042027364143e-08
311775.55807285418,-1.801729931571962e+26,1.8017299311518589e+26,0,-4.6987458716471702e-08
315550.8316491085,-2.8388073115549088e+26,2.8388073103280999e+26,0,-4.6978701781174396e-08
318571.05051011196,-2.2330773230784455e+26,2.2330773226540223e+26,0,-4.6971779854398697e-08
320987.22559891472,-1.7627768214843728e+26,1.7627768213651899e+26,0,-4.6966302877849106e-08
324853.10574099916,-2.7777575539529311e+26,2.7777575532922679e+26,0,-4.6957706251946226e-08
328853.10574099916,-2.8203502281959881e+26,2.8203502226084923e+26,0,-4.6949306615915194e-08
332053.10574099916,-2.218057711720962e+26,2.2180577113089833e+26,0,-4.6942439287985943e-08
336053.10574099916,-2.7261976787248646e+26,2.7261976781283061e+26,0,-4.693400744128219e-08
340053.10574099916,-2.67616617287607e+26,2.6761661721506858e+26,0,-4.6925742547075635e-08
341051.44539760967,-6.6031009326708291e+25,6.6031009325474905e+25,0,-4.6923692710686826e-08
341850.11712289805,-5.2608895491714469e+25,5.260889549490587e+25,0,-4.6922056910127154e-08
342489.05450312875,-4.1949796995270033e+25,4.1949797004983617e+25,0,-4.6920747876978675e-08
343000.20440731331,-3.3472392204752651e+25,3.347239221272274e+25,0,-4.6919703286068564e-08
343409.12433066097,-2.6722172081160568e+25,2.6722172084761563e+25,0,-4.6918871213720236e-08
343736.26026933908,-2.1342176773896376e+25,2.1342176776383454e+25,0,-4.6918206941634454e-08
343997.96902028157,-1.7051040472378483e+25,1.7051040475522255e+25,0,-4.6917675478560244e-08
344207.33602103556,-1.3626333378023521e+25,1.3626333388942101e+25,0,-4.6917245206075716e-08
344374.82962163875,-1.0891802464944123e+25,1.0891802479486185e+25,0,-4.6916897438582112e-08
344508.82450212131,-8.7075205875990161e+24,8.707520602428094e+24,0,-4.6916617297578572e-08
344616.02040650736,-6.9622307318475463e+24,6.9622307477915461e+24,0,-4.6916390604373896e-08
344787.53385352506,-1.1132577142933037e+25,1.113257715798426e+25,0,-4.6916035037517904e-08
345061.95536875341,-1.7794249037638233e+25,1.7794249051822893e+25,0,-4.6915473245321072e-08
345501.02979311877,-2.8425143018588521e+25,2.8425143034158297e+25,0,-4.6914580537519775e-08
346203.54887210333,-4.5363770978136859e+25,4.5363771100964291e+25,0,-4.6913091102616166e-08
347327.57939847861,-7.2285611493101387e+25,7.2285611486270611e+25,0,-4.6910851938661376e-08
349126.02824067906,-1.1490506502787707e+26,1.1490506507779636e+26,0,-4.6907252799687411e-08
352003.54638819979,-1.8195110180853363e+26,1.8195110175043623e+26,0,-4.6901645436669011e-08
356003.54638819979,-2.4913243235149592e+26,2.49132432169033e+26,0,-4.6894037937432199e-08
360003.54638819979,-2.4483496308255252e+26,2.4483496284516731e+26,0,-4.6886602508339121e-08
364003.54638819979,-2.40662129691429e+26,2.4066212957732079e+26,0,-4.6879217317549203e-08
368003.54638819979,-2.366089717254705e+26,2.3660897166443791e+26,0,-4.6871924980172226e-08
371203.54638819979,-1.8644631160810071e+26,1.8644631159465327e+26,0,-4.6866157372512515e-08
373763.54638819979,-1.4738061229994276e+26,1.4738061228821972e+26,0,-4.6861599967875876e-08
375811.54638819979,-1.1678831512706858e+26,1.1678831511846675e+26,0,-4.6857988735209866e-08
377449.94638819981,-9.2726678400727645e+25,9.2726678396939896e+25,0,-4.6855119903567844e-08
377863.589798556,-2.3312517581761142e+25,2.3312517582159135e+25,0,-4.6854397810419354e-08
378194.50452684099,-1.8621727029332897e+25,1.8621727030900755e+25,0,-4.6853820202067776e-08
378459.23630946886,-1.4879320254664522e+25,1.4879320261712314e+25,0,-4.6853354856396946e-08
378671.02173557121,-1.1891918542184448e+25,1.1891918550679367e+25,0,-4.6852981055942185e-08
378840.4500764531,-9.5061617753003479e+24,9.5061617790402315e+24,0,-4.6852684267533882e-08
378975.99274915858,-7.6002163014488835e+24,7.600216305734971e+24,0,-4.6852446130215154e-08
379084.42688732297,-6.0771595270490661e+24,6.0771595336605229e+24,0,-4.6852253612331486e-08
379257.92150838597,-9.7178889754089608e+24,9.7178889845768606e+24,0,-4.6851946691267583e-08
379396.71720523637,-7.7693833895782359e+24,7.7693834127168074e+24,0,-4.6851690866507924e-08
379507.75376271672,-6.2123559530560637e+24,6.2123560386614137e+24,0,-4.6851441970881796e-08
379685.4122546853,-9.9339500401044882e+24,9.933950134078233e+24,0,-4.6851072332575374e-08
379969.66584183491,-1.5879441839807191e+25,1.587944192008407e+25,0,-4.6850527689961591e-08
380424.47158127429,-2.5369099044995433e+25,2.5369099117558661e+25,0,-4.6849694385604054e-08
381152.16076437745,-4.049358650274683e+25,4.0493586560761667e+25,0,-4.6848402538942844e-08
382316.46345734241,-6.4542826469882893e+25,6.4542826501514682e+25,0,-4.6846383801312777e-08
384179.34776608634,-1.0264184662331665e+26,1.0264184661932083e+26,0,-4.6843209650908677e-08
387159.96266007662,-1.6264450663164388e+26,1.6264450657214773e+26,0,-4.6838215948851566e-08
391159.96266007662,-2.152697816634117e+26,2.1526978155114651e+26,0,-4.6831630273103394e-08
395159.96266007662,-2.1191557297299357e+26,2.1191557542235803e+26,0,-4.6823458449692011e-08
398359.96266007662,-1.6717698600145246e+26,1.6717698598191613e+26,0,-4.6818302299013132e-08
400919.96266007662,-1.3226625230622391e+26,1.3226625229579054e+26,0,-4.6814220371251691e-08
402167.91509079759,-6.4009132043756167e+25,6.4009132043168788e+25,0,-4.6812242266979465e-08
403166.27703537449,-5.0988654248422531e+25,5.0988654256973656e+25,0,-4.6810660705592314e-08
404763.65614669741,-8.1180944413560641e+25,8.1180944414426386e+25,0,-4.6808151279043725e-08
406041.55943575577,-6.4592459973717498e+25,6.4592459972922543e+25,0,-4.6806155799508055e-08
407063.88206700247,-5.1450387462046953e+25,5.145038746295661e+25,0,-4.6804565426273683e-08
407606.51802832109,-2.7228969707646444e+25,2.7228969707502636e+25,0,-4.6803724213171324e-08
408040.62679737608,-2.1743279372313798e+25,2.1743279376846711e+25,0,-4.6803049428848623e-08
408387.91381261998,-1.7369162176005778e+25,1.7369162183623179e+25,0,-4.6802507767377874e-08
408665.74342481518,-1.3879071422566179e+25,1.3879071424207224e+25,0,-4.6802077888860843e-08
408888.00711457129,-1.1092870579231673e+25,1.1092870662009909e+25,0,-4.6801680536360772e-08
409243.62901818106,-1.7729424632177628e+25,1.7729424713776385e+25,0,-4.6801078940554062e-08
409812.62406395673,-2.8318128588951635e+25,2.8318128614202572e+25,0,-4.6800187441046256e-08
410723.01613719779,-4.5184180790555118e+25,4.5184180815536435e+25,0,-4.6798775145491652e-08
412179.64345438348,-7.197712722471249e+25,7.1977127292575473e+25,0,-4.6796507046122523e-08
414510.2471618806,-1.1435850037461303e+26,1.1435850037689157e+26,0,-4.6792973551537744e-08
418239.21309387602,-1.8094543215907111e+26,1.8094543208872185e+26,0,-4.6787432520312665e-08
422239.21309387602,-1.9138003194604755e+26,1.9138003184626945e+26,0,-4.6781590134801644e-08
426239.21309387602,-1.8863526885348887e+26,1.8863526878638454e+26,0,-4.6775812371916902e-08
430239.21309387602,-1.8595739964022536e+26,1.8595739957488929e+26,0,-4.6770117499666895e-08
433439.21309387602,-1.4688135836946592e+26,1.4688135837922266e+26,0,-4.6765579827928455e-08
435999.21309387602,-1.1632252760304873e+26,1.1632252759784804e+26,0,-4.6761995374042722e-08
437559.5314730535,-7.0390438514716803e+25,7.0390438514306101e+25,0,-4.6759824770092187e-08
438807.78617639549,-5.603824920988787e+25,5.6038249215627098e+25,0,-4.6758092882756718e-08
440804.99370174267,-8.9159229718434955e+25,8.9159229715853371e+25,0,-4.6755345364622225e-08
442402.75972202042,-7.0886804447756301e+25,7.0886804447825347e+25,0,-4.6753159758476734e-08
443680.97253824258,-5.6430170210532681e+25,5.6430170211196915e+25,0,-4.6751419628526099e-08
444703.5427912203,-4.4966765523850938e+25,4.4966765527686198e+25,0,-4.6750030906939685e-08
446339.6551959847,-7.1621404546709716e+25,7.1621404550735853e+25,0,-4.6747820545598735e-08
448957.43504360766,-1.1376969631970642e+26,1.1376969626417699e+26,0,-4.6744350670870063e-08
451051.65892170602,-9.0294030574483994e+25,9.0294030570568925e+25,0,-4.6741570680127214e-08
452727.03802418464,-7.1778991119289645e+25,7.1778991119537258e+25,0,-4.6739358755304375e-08
454067.34130616754,-5.71340621675238e+25,5.7134062169026531e+25,0,-4.6737597414165745e-08
455139.58393175388,-4.5523651483956787e+25,4.5523651488564806e+25,0,-4.6736191847968297e-08
455997.37803222297,-3.6302151022635856e+25,3.6302151024781064e+25,0,-4.6735072068932465e-08
457369.84859297355,-5.7868901900761587e+25,5.7868901904816896e+25,0,-4.6733286731997274e-08
458467.82504157402,-4.6106206071552704e+25,4.6106206077927741e+25,0,-4.6731862315929803e-08
460224.58735933481,-7.3423434970439651e+25,7.3423434970986847e+25,0,-4.672960046418101e-08
463035.40706775198,-1.1659990537032569e+26,1.1659990536148539e+26,0,-4.6726015384717705e-08
465067.55418135627,-8.3634168974832531e+25,8.3634168973776209e+25,0,-4.6723440754454551e-08
466693.27187223959,-6.6510698964004192e+25,6.651069902294353e+25,0,-4.6721354069760865e-08
469294.42017765291,-1.0569227991228885e+26,1.0569227990452827e+26,0,-4.6718105320999592e-08
471375.33882198355,-8.3918971681574049e+25,8.39189716810435e+25,0,-4.6715522447793556e-08
472399.90073738416,-4.1113229460505041e+25,4.1113229459278983e+25,0,-4.6714257798229923e-08
473219.55026970466,-3.279382226133578e+25,3.279382226607824e+25,0,-4.6713245335116864e-08
474530.98952141748,-5.2292247162097369e+25,5.2292247164144523e+25,0,-4.6711634609623321e-08
475580.14092278772,-4.1677093493780122e+25,4.1677093493804122e+25,0,-4.6710351994682445e-08
476419.46204388392,-3.3241968496564494e+25,3.3241968499350759e+25,0,-4.6709327198687446e-08
477090.91894076078,-2.6530059765419312e+25,2.6530059775520079e+25,0,-4.6708504162770621e-08
478165.2499757639,-4.2331214095129741e+25,4.2331214099453871e+25,0,-4.6707198759572322e-08
479884.17963176878,-6.7432599768885778e+25,6.7432599771116816e+25,0,-4.6705122502148057e-08
481259.32335657271,-5.3684567900330935e+25,5.3684567900093303e+25,0,-4.6703471006616313e-08
483459.55331625894,-8.5416394780920506e+25,8.5416394777544147e+25,0,-4.6700845562250011e-08
485088.37813824491,-6.285738517701133e+25,6.2857385175829656e+25,0,-4.6698912844804673e-08
486391.43799583358,-5.0057596220375417e+25,5.0057596225041307e+25,0,-4.6697370112422014e-08
487433.88588190451,-3.9900989964342187e+25,3.9900989966017156e+25,0,-4.6696141817201253e-08
488267.84419076121,-3.1828460231610392e+25,3.1828460232283774e+25,0,-4.6695162506083883e-08
488935.01083784655,-2.5403942208613897e+25,2.5403942208640912e+25,0,-4.6694381232812531e-08
490002.47747318301,-4.0538038763828933e+25,4.0538038767487043e+25,0,-4.6693132198653475e-08
490856.45078145229,-3.2334926531649383e+25,3.2334926533005896e+25,0,-4.6692136990022845e-08
492222.80807468318,-5.1560326995404416e+25,5.1560326997538439e+25,0,-4.6690550166278801e-08
493315.89390926802,-4.1093597524383595e+25,4.1093597523358386e+25,0,-4.6689287339558202e-08
495064.8312446035,-6.5465904886128142e+25,6.5465904887829026e+25,0,-4.6687273485338673e-08
497863.1309811403,-1.0402592044759963e+26,1.0402592044139801e+26,0,-4.6684079672839985e-08
501863.1309811403,-1.4718376460344159e+26,1.4718376468947577e+26,0,-4.6679499151032421e-08
505063.1309811403,-1.1648541898139232e+26,1.1648541897449269e+26,0,-4.6675923993441976e-08
507623.1309811403,-9.2394358129875247e+25,9.2394358128505342e+25,0,-4.6673085925103545e-08
509671.1309811403,-7.3414078497893509e+25,7.3414078494576342e+25,0,-4.6670832585333913e-08
511309.53098114021,-5.841375318882079e+25,5.8413753188186457e+25,0,-4.6669038494791601e-08
512620.25098114024,-4.6529509578664415e+25,4.6529509580940146e+25,0,-4.6667607679108833e-08
513668.82698114024,-3.7095519922814619e+25,3.7095519928460092e+25,0,-4.6666464506458064e-08
514507.68778114032,-2.9594880290915825e+25,2.9594880291770528e+25,0,-4.6665554922971945e-08
515849.8650611405,-4.7201873976125935e+25,4.7201873978681802e+25,0,-4.6664103485898971e-08
516923.60688514053,-3.7629357269549619e+25,3.7629357271220546e+25,0,-4.6662946705436198e-08
518641.59380354069,-5.9964339206734827e+25,5.9964339206518224e+25,0,-4.6661105328923626e-08
521390.37287298101,-9.5327509947366561e+25,9.5327509944420436e+25,0,-4.6658180036485022e-08
525390.37287298101,-1.3738553132848969e+26,1.373855313101762e+26,0,-4.6653974022049512e-08
527704.44446651021,-7.8768540920664001e+25,7.8768540920573532e+25,0,-4.6651556041850353e-08
529555.70174133359,-6.2644367551494288e+25,6.2644367549557498e+25,0,-4.6649634435895456e-08
532517.71338105097,-9.9553959859612127e+25,9.9553959882639525e+25,0,-4.66465637846634e-08
534887.32269282488,-7.9050176629719458e+25,7.9050176625800386e+25,0,-4.6644140448119084e-08
536783.01014224405,-6.2865040044377164e+25,6.286504004322467e+25,0,-4.6642212165636422e-08
538299.56010177941,-5.0054193508788459e+25,5.0054193510724845e+25,0,-4.6640675071516017e-08
539512.80006940768,-3.9892264613862926e+25,3.9892264620244706e+25,0,-4.6639446925581656e-08
540483.39204351034,-3.1817685315458713e+25,3.1817685316618208e+25,0,-4.6638469999997626e-08
542036.33920207457,-5.073162688439687e+25,5.073162688366548e+25,0,-4.6636914125269471e-08
543278.69692892593,-4.0429681494765254e+25,4.0429681495615348e+25,0,-4.6635673329945233e-08
544272.58311040699,-3.22447466474916e+25,3.2244746650647464e+25,0,-4.6634682149441346e-08
545067.69205559185,-2.5732742226180861e+25,2.5732742227300658e+25,0,-4.6633892093477952e-08
545703.77921173978,-2.0545993209518899e+25,2.0545993210369981e+25,0,-4.6633261330445392e-08
546721.51866157644,-3.2799549911194372e+25,3.2799549913866005e+25,0,-4.6632253554363114e-08
547535.71022144577,-2.617428485917166e+25,2.617428486151898e+25,0,-4.6631449231115676e-08
548838.41671723675,-4.1758616767025656e+25,4.1758616770428628e+25,0,-4.6630166291042931e-08
550922.74711050233,-6.6507999794617923e+25,6.6507999793554523e+25,0,-4.6628127390828972e-08
554257.67573972722,-1.056381763111045e+26,1.0563817630215815e+26,0,-4.662489403684931e-08
555874.65557670931,-5.0880478954057195e+25,5.0880478953431856e+25,0,-4.6623334434386772e-08
557168.23944629496,-4.0546313091190412e+25,4.0546313094291456e+25,0,-4.6622089305473265e-08
559237.97363763198,-6.4584090899627058e+25,6.4584090898413249e+25,0,-4.6620110188283981e-08
560893.76099070162,-5.1412261674199695e+25,5.1412261678381559e+25,0,-4.6618531444228151e-08
562218.3908731573,-4.096786585096858e+25,4.0967865859132214e+25,0,-4.6617270321640691e-08
564337.79868508643,-6.5251501899322525e+25,6.5251501898832211e+25,0,-4.6615270682330022e-08
567728.85118417302,-1.0364976222692052e+26,1.0364976222446691e+26,0,-4.6612095777955698e-08
568670.9467257309,-2.8632957388883983e+25,2.8632957390330322e+25,0,-4.6611217399296684e-08
569424.62315897725,-2.2855783915414059e+25,2.2855783917143256e+25,0,-4.6610515894012399e-08
570027.56430557428,-1.8252367065474775e+25,1.8252367069462459e+25,0,-4.6609953981363624e-08
570509.91722285189,-1.4581304514663357e+25,1.4581304515601348e+25,0,-4.6609506572398184e-08
570895.79955667397,-1.1651895796448319e+25,1.1651895797564594e+25,0,-4.6609148813731124e-08
571204.50542373164,-9.3131169611087475e+24,9.3131169624214183e+24,0,-4.6608862592236966e-08
571698.43481102388,-1.488548486064746e+25,1.4885484866971915e+25,0,-4.6608402343203343e-08
572093.57832085772,-1.1894675248433657e+25,1.1894675254394406e+25,0,-4.6608033978185011e-08
572409.69312872482,-9.5069800084209481e+24,9.5069800202417901e+24,0,-4.6607734922739042e-08
572915.47682131222,-1.5195001030937675e+25,1.5195001044258029e+25,0,-4.6607260613797666e-08
573724.7307294521,-2.4270715459713798e+25,2.4270715474675566e+25,0,-4.6606507178851106e-08
575019.5369824759,-3.8727865077619775e+25,3.8727865086117136e+25,0,-4.6605315108593572e-08
577091.22698731394,-6.1696747334281436e+25,6.1696747337318356e+25,0,-4.6603423067621284e-08
580405.93099505478,-9.8035931033314795e+25,9.8035931014781135e+25,0,-4.66004322897749e-08
584405.93099505478,-1.1720719412789547e+26,1.1720719409142675e+26,0,-4.6596866566218146e-08
588405.93099505478,-1.1602718009833387e+26,1.160271801476546e+26,0,-4.6593281145312505e-08
592405.93099505478,-1.148677493700488e+26,1.1486774932436227e+26,0,-4.6589794198836097e-08
596405.93099505478,-1.1372840205136292e+26,1.1372840204219396e+26,0,-4.6586318660153491e-08
599605.93099505478,-9.0175578391154072e+25,9.0175578386740117e+25,0,-4.6583561388103811e-08
601009.24213458865,-3.9321605149775602e+25,3.9321605149249331e+25,0,-4.6582358246468517e-08
602131.89104621578,-3.1359966089250471e+25,3.1359966093508227e+25,0,-4.6581395682283546e-08
603928.12930481916,-4.9997122453158539e+25,4.9997122454066702e+25,0,-4.6579865013464705e-08
605365.11991170188,-3.984021306546389e+25,3.9840213064861315e+25,0,-4.6578646243117054e-08
606514.71239720809,-3.1772006054287632e+25,3.177200605710227e+25,0,-4.6577672171961443e-08
608354.06037401804,-5.0651174730398211e+25,5.0651174730910876e+25,0,-4.6576121995307542e-08
611297.01713691396,-8.0574679568506419e+25,8.0574679569341911e+25,0,-4.6573656210756224e-08
613020.29289339879,-4.691675554791024e+25,4.6916755547014232e+25,0,-4.6572221470322802e-08
614398.91349858663,-3.7393932102306089e+25,3.7393932104695431e+25,0,-4.6571075967890376e-08
615501.80998273694,-2.982640716596581e+25,2.9826407167605169e+25,0,-4.6570162499659731e-08
616384.12717005715,-2.3804599257363626e+25,2.3804599258415953e+25,0,-4.6569433650133085e-08
617089.98091991327,-1.9007637928987184e+25,1.9007637931822232e+25,0,-4.6568850380168163e-08
618219.34691968304,-3.0345835519286711e+25,3.0345835528465597e+25,0,-4.6567916159539691e-08
620026.33251931472,-4.838424811707226e+25,4.838424811976852e+25,0,-4.6566434530431283e-08
622917.50947872538,-7.6985408036693778e+25,7.6985408033741073e+25,0,-4.6564082023557203e-08
625230.4510462539,-6.1211486302893714e+25,6.1211486301508931e+25,0,-4.6562211070849774e-08
627080.80430027668,-4.8730341041851703e+25,4.8730341040547708e+25,0,-4.6560721849079666e-08
628561.0869034949,-3.883258826604334e+25,3.8832588265255007e+25,0,-4.6559535010752086e-08
630929.53906864405,-6.1853867750522935e+25,6.1853867759910823e+25,0,-4.6557637709961092e-08
632824.30080076342,-4.9238421942029801e+25,4.9238421942571465e+25,0,-4.655613203613277e-08
634340.11018645891,-3.923537144346031e+25,3.9235371442660777e+25,0,-4.6554933126166501e-08
636765.40520357166,-6.2491598553745151e+25,6.2491598553892761e+25,0,-4.6553022773271916e-08
638705.6412172619,-4.9742723889774971e+25,4.9742723889823616e+25,0,-4.6551502307622877e-08
639938.01170753536,-3.148006116545826e+25,3.148006116439139e+25,0,-4.6550540841374115e-08
640923.90809975413,-2.5120198664062243e+25,2.5120198667290787e+25,0,-4.6549770968325242e-08
641712.6252135291,-2.0055458925712388e+25,2.0055458927066668e+25,0,-4.6549157138647034e-08
642343.59890454903,-1.6018402757188713e+25,1.6018402758024911e+25,0,-4.6548667042360335e-08
643316.51618705236,-2.4654170736768367e+25,2.4654170736315849e+25,0,-4.6547913889805547e-08
644873.18383905769,-3.933338020056273e+25,3.933338020138403e+25,0,-4.6546711343978416e-08
646118.51796066191,-3.1366811934482843e+25,3.1366811933000122e+25,0,-4.6545753809239094e-08
647114.7852579453,-2.5029840126610842e+25,2.5029840128289684e+25,0,-4.6544987872654003e-08
647911.79909577197,-1.9983325680207919e+25,1.9983325681042462e+25,0,-4.6544376714272011e-08
648549.41016603331,-1.5960794169921669e+25,1.5960794171241892e+25,0,-4.6543888161047917e-08
649569.58787845145,-2.5489601465034118e+25,2.5489601470406796e+25,0,-4.6543105813378845e-08
651201.8722183205,-4.0661857451111529e+25,4.0661857459443714e+25,0,-4.6541857997186575e-08
653813.52716211102,-6.4750065504200058e+25,6.4750065504515566e+25,0,-4.6539879610779811e-08
655902.85111714341,-5.1528578561334693e+25,5.1528578561575778e+25,0,-4.6538305323050641e-08
659245.76944519521,-8.1949048322491839e+25,8.1949048316014581e+25,0,-4.6535806359474792e-08
661920.10410763661,-6.5123723691157641e+25,6.5123723690683064e+25,0,-4.6533817594029622e-08
665920.10410763661,-9.6692274604009844e+25,9.6692274597170916e+25,0,-4.6530869119312627e-08
