case,code,mesh,Ra,E,Rayleigh-number definition,heating number,Vrms,mean T,Nu_top,Nu_bottom
A1,ASPECT,8 radial cells,7000.0,0.000000,viscosity at T = 0.5,0.0,32.4304,0.215948,3.48413,3.48144
A1,ASPECT,16 radial cells,7000.0,0.000000,viscosity at T = 0.5,0.0,32.6152,0.215622,3.50645,3.49509
A1,ASPECT,32 radial cells,7000.0,0.000000,viscosity at T = 0.5,0.0,32.6403,0.215563,3.49710,3.49616
A1,ASPECT,64 radial cells,7000.0,0.000000,viscosity at T = 0.5,0.0,32.6431,0.215583,3.49651,3.49621
A1,ASPECT,Extrapolated,7000.0,0.000000,viscosity at T = 0.5,0.0,32.6437,0.215594,3.49653,3.49621
A1,ASPECT-EV,8 radial cells,7000.0,0.000000,viscosity at T = 0.5,0.0,32.6431,0.215530,3.49097,3.49256
A1,ASPECT-EV,16 radial cells,7000.0,0.000000,viscosity at T = 0.5,0.0,32.6431,0.215585,3.49653,3.49621
A1,ASPECT-EV,32 radial cells,7000.0,0.000000,viscosity at T = 0.5,0.0,32.6431,0.215584,3.49653,3.49621
A1,ASPECT-EV,64 radial cells,7000.0,0.000000,viscosity at T = 0.5,0.0,32.6431,0.215583,3.49650,3.49621
A1,ASPECT-EV,Extrapolated,7000.0,0.000000,viscosity at T = 0.5,0.0,32.6431,0.215583,3.49649,3.49621
A1,CitcomS,16 radial elements,7000.0,0.000000,viscosity at T = 0.5,0.0,32.4724,0.224335,3.50819,3.44182
A1,CitcomS,24 radial elements,7000.0,0.000000,viscosity at T = 0.5,0.0,32.6341,0.220444,3.53691,3.48379
A1,CitcomS,32 radial elements,7000.0,0.000000,viscosity at T = 0.5,0.0,32.6858,0.219212,3.53149,3.50174
A1,CitcomS,48 radial elements,7000.0,0.000000,viscosity at T = 0.5,0.0,32.7450,0.219826,3.53081,3.52230
A1,CitcomS,64 radial elements,7000.0,0.000000,viscosity at T = 0.5,0.0,32.6671,0.215989,3.50153,3.49592
A1,CitcomS,96 radial elements,7000.0,0.000000,viscosity at T = 0.5,0.0,32.6026,0.215615,3.49869,3.49616
A1,CitcomS,Extrapolated,7000.0,0.000000,viscosity at T = 0.5,0.0,32.5759,0.215568,3.49833,3.49711
A1,CitcomS (Zhong et al. 2008),Zhong et al. (2008),7000.0,0.000000,viscosity at T = 0.5,0.0,32.6600,0.217100,3.51260,3.49190
A3,ASPECT,8 radial cells,7000.0,2.995732,viscosity at T = 0.5,0.0,25.5987,0.241440,3.14525,3.13838
A3,ASPECT,16 radial cells,7000.0,2.995732,viscosity at T = 0.5,0.0,25.7395,0.241546,3.15895,3.15211
A3,ASPECT,32 radial cells,7000.0,2.995732,viscosity at T = 0.5,0.0,25.7623,0.241512,3.15362,3.15338
A3,ASPECT,64 radial cells,7000.0,2.995732,viscosity at T = 0.5,0.0,25.7661,0.241539,3.15386,3.15349
A3,ASPECT,Extrapolated,7000.0,2.995732,viscosity at T = 0.5,0.0,25.7672,0.241552,3.15413,3.15351
A3,ASPECT-EV,8 radial cells,7000.0,2.995732,viscosity at T = 0.5,0.0,25.7423,0.241047,3.13389,3.14461
A3,ASPECT-EV,16 radial cells,7000.0,2.995732,viscosity at T = 0.5,0.0,25.7593,0.241474,3.15272,3.15230
A3,ASPECT-EV,32 radial cells,7000.0,2.995732,viscosity at T = 0.5,0.0,25.7655,0.241536,3.15378,3.15340
A3,ASPECT-EV,64 radial cells,7000.0,2.995732,viscosity at T = 0.5,0.0,25.7661,0.241539,3.15386,3.15349
A3,ASPECT-EV,Extrapolated,7000.0,2.995732,viscosity at T = 0.5,0.0,25.7662,0.241539,3.15387,3.15350
A3,CitcomS,24 radial elements,7000.0,2.995732,viscosity at T = 0.5,0.0,25.7964,0.246309,3.19619,3.14644
A3,CitcomS,32 radial elements,7000.0,2.995732,viscosity at T = 0.5,0.0,25.7895,0.243007,3.17106,3.14899
A3,CitcomS,48 radial elements,7000.0,2.995732,viscosity at T = 0.5,0.0,25.6167,0.243622,3.15268,3.15197
A3,CitcomS,64 radial elements,7000.0,2.995732,viscosity at T = 0.5,0.0,25.7885,0.241954,3.15816,3.15318
A3,CitcomS,96 radial elements,7000.0,2.995732,viscosity at T = 0.5,0.0,25.7268,0.241558,3.15577,3.15336
A3,CitcomS,Extrapolated,7000.0,2.995732,viscosity at T = 0.5,0.0,25.6936,0.241432,3.15451,3.15340
A3,CitcomS (Zhong et al. 2008),Zhong et al. (2008),7000.0,2.995732,viscosity at T = 0.5,0.0,25.8500,0.243200,3.17240,3.15480
A7,ASPECT,8 radial cells,7000.0,11.512925,viscosity at T = 0.5,0.0,46.6868,0.487298,2.58091,2.73127
A7,ASPECT,16 radial cells,7000.0,11.512925,viscosity at T = 0.5,0.0,48.8020,0.497543,2.72461,2.72595
A7,ASPECT,32 radial cells,7000.0,11.512925,viscosity at T = 0.5,0.0,50.1224,0.510244,2.79869,2.80171
A7,ASPECT,Extrapolated,7000.0,11.512925,viscosity at T = 0.5,0.0,50.6329,0.515379,2.82677,2.83382
A7,CitcomS,24 radial elements,7000.0,11.512925,viscosity at T = 0.5,0.0,52.2203,0.507014,2.74190,2.64551
A7,CitcomS,32 radial elements,7000.0,11.512925,viscosity at T = 0.5,0.0,51.0042,0.508720,2.76461,2.72934
A7,CitcomS,48 radial elements,7000.0,11.512925,viscosity at T = 0.5,0.0,50.3019,0.506870,2.78219,2.77310
A7,CitcomS,64 radial elements,7000.0,11.512925,viscosity at T = 0.5,0.0,50.3315,0.510222,2.79530,2.79053
A7,CitcomS,Extrapolated,7000.0,11.512925,viscosity at T = 0.5,0.0,50.3648,0.511768,2.80062,2.79703
A7,CitcomS (Zhong et al. 2008),Zhong et al. (2008),7000.0,11.512925,viscosity at T = 0.5,0.0,50.2100,0.503900,2.73820,2.74310
C1,ASPECT,8 radial cells,100000.0,0.000000,viscosity at T = 0.5,0.0,157.1030,0.169709,6.78433,7.15056
C1,ASPECT,16 radial cells,100000.0,0.000000,viscosity at T = 0.5,0.0,154.2240,0.170962,7.59449,7.76123
C1,ASPECT,32 radial cells,100000.0,0.000000,viscosity at T = 0.5,0.0,154.4490,0.171169,7.82858,7.80709
C1,ASPECT,64 radial cells,100000.0,0.000000,viscosity at T = 0.5,0.0,154.5000,0.171163,7.82315,7.80388
C1,ASPECT,Extrapolated,100000.0,0.000000,viscosity at T = 0.5,0.0,154.5150,0.171155,7.81417,7.80132
C1,ASPECT-EV,8 radial cells,100000.0,0.000000,viscosity at T = 0.5,0.0,162.3830,0.204938,7.85773,7.62804
C1,ASPECT-EV,16 radial cells,100000.0,0.000000,viscosity at T = 0.5,0.0,154.4450,0.171944,7.77513,7.77427
C1,ASPECT-EV,32 radial cells,100000.0,0.000000,viscosity at T = 0.5,0.0,154.5010,0.171145,7.81665,7.80372
C1,ASPECT-EV,64 radial cells,100000.0,0.000000,viscosity at T = 0.5,0.0,154.5050,0.171158,7.81749,7.80390
C1,ASPECT-EV,Extrapolated,100000.0,0.000000,viscosity at T = 0.5,0.0,154.5020,0.171176,7.81662,7.80317
C1,CitcomS,24 radial elements,100000.0,0.000000,viscosity at T = 0.5,0.0,154.2930,0.175811,7.05870,7.50938
C1,CitcomS,32 radial elements,100000.0,0.000000,viscosity at T = 0.5,0.0,153.0460,0.177354,7.37245,7.56101
C1,CitcomS,48 radial elements,100000.0,0.000000,viscosity at T = 0.5,0.0,154.4740,0.174750,7.75708,7.75232
C1,CitcomS,64 radial elements,100000.0,0.000000,viscosity at T = 0.5,0.0,154.6400,0.172404,7.83635,7.78476
C1,CitcomS,96 radial elements,100000.0,0.000000,viscosity at T = 0.5,0.0,154.1620,0.171403,7.83931,7.79612
C1,CitcomS,Extrapolated,100000.0,0.000000,viscosity at T = 0.5,0.0,153.9420,0.171024,7.83836,7.80032
C1,CitcomS (Zhong et al. 2008),Zhong et al. (2008),100000.0,0.000000,viscosity at T = 0.5,0.0,154.8000,0.172800,7.84950,7.77010
C2,ASPECT,8 radial cells,100000.0,2.302585,viscosity at T = 0.5,0.0,122.0610,0.186610,6.07324,6.74851
C2,ASPECT,16 radial cells,100000.0,2.302585,viscosity at T = 0.5,0.0,121.1560,0.187833,6.83965,7.04230
C2,ASPECT,32 radial cells,100000.0,2.302585,viscosity at T = 0.5,0.0,121.3790,0.188050,7.05674,7.06200
C2,ASPECT,Extrapolated,100000.0,2.302585,viscosity at T = 0.5,0.0,121.4930,0.188114,7.13137,7.06379
C2,CitcomS,24 radial elements,100000.0,2.302585,viscosity at T = 0.5,0.0,123.5890,0.196793,6.70855,6.93783
C2,CitcomS,32 radial elements,100000.0,2.302585,viscosity at T = 0.5,0.0,123.7730,0.198792,7.01282,7.05973
C2,CitcomS,48 radial elements,100000.0,2.302585,viscosity at T = 0.5,0.0,128.3980,0.225521,7.46827,7.37400
C2,CitcomS,64 radial elements,100000.0,2.302585,viscosity at T = 0.5,0.0,125.8390,0.209374,7.30565,7.23952
C2,CitcomS,96 radial elements,100000.0,2.302585,viscosity at T = 0.5,0.0,121.5770,0.199198,7.00253,6.96235
C2,CitcomS,Extrapolated,100000.0,2.302585,viscosity at T = 0.5,0.0,119.7390,0.195129,6.87126,6.84183
C2,CitcomS (Zhong et al. 2008),Zhong et al. (2008),100000.0,2.302585,viscosity at T = 0.5,0.0,122.1000,0.190800,7.09680,7.05050
C3,ASPECT,8 radial cells,100000.0,3.401197,viscosity at T = 0.5,0.0,108.4450,0.196809,5.76666,6.48003
C3,ASPECT,16 radial cells,100000.0,3.401197,viscosity at T = 0.5,0.0,108.0370,0.197600,6.50256,6.70382
C3,ASPECT,32 radial cells,100000.0,3.401197,viscosity at T = 0.5,0.0,108.2610,0.197918,6.71399,6.72022
C3,ASPECT,Extrapolated,100000.0,3.401197,viscosity at T = 0.5,0.0,108.3650,0.198035,6.78691,6.72217
C3,CitcomS,24 radial elements,100000.0,3.401197,viscosity at T = 0.5,0.0,110.5180,0.206552,6.62035,6.46213
C3,CitcomS,32 radial elements,100000.0,3.401197,viscosity at T = 0.5,0.0,110.4410,0.210318,6.69305,6.69664
C3,CitcomS,48 radial elements,100000.0,3.401197,viscosity at T = 0.5,0.0,108.8710,0.202368,6.69639,6.74985
C3,CitcomS,64 radial elements,100000.0,3.401197,viscosity at T = 0.5,0.0,108.5610,0.200052,6.71333,6.74349
C3,CitcomS,96 radial elements,100000.0,3.401197,viscosity at T = 0.5,0.0,107.8050,0.198267,6.71572,6.71589
C3,CitcomS,Extrapolated,100000.0,3.401197,viscosity at T = 0.5,0.0,107.4730,0.197531,6.71627,6.70368
C3,CitcomS (Zhong et al. 2008),Zhong et al. (2008),100000.0,3.401197,viscosity at T = 0.5,0.0,109.4000,0.201100,6.75720,6.71820
